-- phpMyAdmin SQL Dump
-- version 5.1.1
-- https://www.phpmyadmin.net/
--
-- Hôte : localhost
-- Généré le : ven. 12 déc. 2025 à 10:09
-- Version du serveur : 10.3.39-MariaDB-0+deb10u2
-- Version de PHP : 7.3.31-1~deb10u7

SET SQL_MODE = "NO_AUTO_VALUE_ON_ZERO";
START TRANSACTION;
SET time_zone = "+00:00";


/*!40101 SET @OLD_CHARACTER_SET_CLIENT=@@CHARACTER_SET_CLIENT */;
/*!40101 SET @OLD_CHARACTER_SET_RESULTS=@@CHARACTER_SET_RESULTS */;
/*!40101 SET @OLD_COLLATION_CONNECTION=@@COLLATION_CONNECTION */;
/*!40101 SET NAMES utf8mb4 */;

--
-- Base de données : `doto`
--

-- --------------------------------------------------------

--
-- Structure de la table `hero_list`
--

CREATE TABLE `hero_list` (
  `id` int(11) NOT NULL,
  `nom` varchar(63) NOT NULL,
  `img` text DEFAULT NULL
) ENGINE=InnoDB DEFAULT CHARSET=utf8mb4 COLLATE=utf8mb4_general_ci;

--
-- Déchargement des données de la table `hero_list`
--

INSERT INTO `hero_list` (`id`, `nom`, `img`) VALUES
(1, 'Abaddon', 'https://cdn.cloudflare.steamstatic.com/apps/dota2/images/dota_react/heroes/abaddon.png'),
(2, 'Alchemist', 'https://cdn.cloudflare.steamstatic.com/apps/dota2/images/dota_react/heroes/alchemist.png'),
(3, 'Ancient Apparition', 'https://cdn.cloudflare.steamstatic.com/apps/dota2/images/dota_react/heroes/ancient_apparition.png'),
(4, 'Anti-Mage', 'https://cdn.cloudflare.steamstatic.com/apps/dota2/images/dota_react/heroes/antimage.png'),
(5, 'Arc Warden', 'https://cdn.cloudflare.steamstatic.com/apps/dota2/images/dota_react/heroes/arc_warden.png'),
(6, 'Axe', 'https://cdn.cloudflare.steamstatic.com/apps/dota2/images/dota_react/heroes/axe.png'),
(7, 'Bane', 'https://cdn.cloudflare.steamstatic.com/apps/dota2/images/dota_react/heroes/bane.png'),
(8, 'Batrider', 'https://cdn.cloudflare.steamstatic.com/apps/dota2/images/dota_react/heroes/batrider.png'),
(9, 'Beastmaster', 'https://cdn.cloudflare.steamstatic.com/apps/dota2/images/dota_react/heroes/beastmaster.png'),
(10, 'Bloodseeker', 'https://cdn.cloudflare.steamstatic.com/apps/dota2/images/dota_react/heroes/bloodseeker.png'),
(11, 'Bounty Hunter', 'https://cdn.cloudflare.steamstatic.com/apps/dota2/images/dota_react/heroes/bounty_hunter.png'),
(12, 'Brewmaster', 'https://cdn.cloudflare.steamstatic.com/apps/dota2/images/dota_react/heroes/brewmaster.png'),
(13, 'Bristleback', 'https://cdn.cloudflare.steamstatic.com/apps/dota2/images/dota_react/heroes/bristleback.png'),
(14, 'Broodmother', 'https://cdn.cloudflare.steamstatic.com/apps/dota2/images/dota_react/heroes/broodmother.png'),
(15, 'Centaur Warrunner', 'https://cdn.cloudflare.steamstatic.com/apps/dota2/images/dota_react/heroes/centaur.png'),
(16, 'Chaos Knight', 'https://cdn.cloudflare.steamstatic.com/apps/dota2/images/dota_react/heroes/chaos_knight.png'),
(17, 'Chen', 'https://cdn.cloudflare.steamstatic.com/apps/dota2/images/dota_react/heroes/chen.png'),
(18, 'Clinkz', 'https://cdn.cloudflare.steamstatic.com/apps/dota2/images/dota_react/heroes/clinkz.png'),
(19, 'Clockwerk', 'https://cdn.cloudflare.steamstatic.com/apps/dota2/images/dota_react/heroes/rattletrap.png'),
(20, 'Crystal Maiden', 'https://cdn.cloudflare.steamstatic.com/apps/dota2/images/dota_react/heroes/crystal_maiden.png'),
(21, 'Dark Seer', 'https://cdn.cloudflare.steamstatic.com/apps/dota2/images/dota_react/heroes/dark_seer.png'),
(22, 'Dark Willow', 'https://cdn.cloudflare.steamstatic.com/apps/dota2/images/dota_react/heroes/dark_willow.png'),
(23, 'Dawnbreaker', 'https://cdn.cloudflare.steamstatic.com/apps/dota2/images/dota_react/heroes/dawnbreaker.png'),
(24, 'Dazzle', 'https://cdn.cloudflare.steamstatic.com/apps/dota2/images/dota_react/heroes/dazzle.png'),
(25, 'Death Prophet', 'https://cdn.cloudflare.steamstatic.com/apps/dota2/images/dota_react/heroes/death_prophet.png'),
(26, 'Disruptor', 'https://cdn.cloudflare.steamstatic.com/apps/dota2/images/dota_react/heroes/disruptor.png'),
(27, 'Doom', 'https://cdn.cloudflare.steamstatic.com/apps/dota2/images/dota_react/heroes/doom_bringer.png'),
(28, 'Dragon Knight', 'https://cdn.cloudflare.steamstatic.com/apps/dota2/images/dota_react/heroes/dragon_knight.png'),
(29, 'Drow Ranger', 'https://cdn.cloudflare.steamstatic.com/apps/dota2/images/dota_react/heroes/drow_ranger.png'),
(30, 'Earth Spirit', 'https://cdn.cloudflare.steamstatic.com/apps/dota2/images/dota_react/heroes/earth_spirit.png'),
(31, 'Earthshaker', 'https://cdn.cloudflare.steamstatic.com/apps/dota2/images/dota_react/heroes/earthshaker.png'),
(32, 'Elder Titan', 'https://cdn.cloudflare.steamstatic.com/apps/dota2/images/dota_react/heroes/elder_titan.png'),
(33, 'Ember Spirit', 'https://cdn.cloudflare.steamstatic.com/apps/dota2/images/dota_react/heroes/ember_spirit.png'),
(34, 'Enchantress', 'https://cdn.cloudflare.steamstatic.com/apps/dota2/images/dota_react/heroes/enchantress.png'),
(35, 'Enigma', 'https://cdn.cloudflare.steamstatic.com/apps/dota2/images/dota_react/heroes/enigma.png'),
(36, 'Faceless Void', 'https://cdn.cloudflare.steamstatic.com/apps/dota2/images/dota_react/heroes/faceless_void.png'),
(37, 'Grimstroke', 'https://cdn.cloudflare.steamstatic.com/apps/dota2/images/dota_react/heroes/grimstroke.png'),
(38, 'Gyrocopter', 'https://cdn.cloudflare.steamstatic.com/apps/dota2/images/dota_react/heroes/gyrocopter.png'),
(39, 'Hoodwink', 'https://cdn.cloudflare.steamstatic.com/apps/dota2/images/dota_react/heroes/hoodwink.png'),
(40, 'Huskar', 'https://cdn.cloudflare.steamstatic.com/apps/dota2/images/dota_react/heroes/huskar.png'),
(41, 'Invoker', 'https://cdn.cloudflare.steamstatic.com/apps/dota2/images/dota_react/heroes/invoker.png'),
(42, 'Io', 'https://cdn.cloudflare.steamstatic.com/apps/dota2/images/dota_react/heroes/wisp.png'),
(43, 'Jakiro', 'https://cdn.cloudflare.steamstatic.com/apps/dota2/images/dota_react/heroes/jakiro.png'),
(44, 'Juggernaut', 'https://cdn.cloudflare.steamstatic.com/apps/dota2/images/dota_react/heroes/juggernaut.png'),
(45, 'Keeper of the Light', 'https://cdn.cloudflare.steamstatic.com/apps/dota2/images/dota_react/heroes/keeper_of_the_light.png'),
(46, 'Kunkka', 'https://cdn.cloudflare.steamstatic.com/apps/dota2/images/dota_react/heroes/kunkka.png'),
(47, 'Legion Commander', 'https://cdn.cloudflare.steamstatic.com/apps/dota2/images/dota_react/heroes/legion_commander.png'),
(48, 'Leshrac', 'https://cdn.cloudflare.steamstatic.com/apps/dota2/images/dota_react/heroes/leshrac.png'),
(49, 'Lich', 'https://cdn.cloudflare.steamstatic.com/apps/dota2/images/dota_react/heroes/lich.png'),
(50, 'Lifestealer', 'https://cdn.cloudflare.steamstatic.com/apps/dota2/images/dota_react/heroes/life_stealer.png'),
(51, 'Lina', 'https://cdn.cloudflare.steamstatic.com/apps/dota2/images/dota_react/heroes/lina.png'),
(52, 'Lion', 'https://cdn.cloudflare.steamstatic.com/apps/dota2/images/dota_react/heroes/lion.png'),
(53, 'Lone Druid', 'https://cdn.cloudflare.steamstatic.com/apps/dota2/images/dota_react/heroes/lone_druid.png'),
(54, 'Luna', 'https://cdn.cloudflare.steamstatic.com/apps/dota2/images/dota_react/heroes/luna.png'),
(55, 'Lycan', 'https://cdn.cloudflare.steamstatic.com/apps/dota2/images/dota_react/heroes/lycan.png'),
(56, 'Magnus', 'https://cdn.cloudflare.steamstatic.com/apps/dota2/images/dota_react/heroes/magnataur.png'),
(57, 'Mars', 'https://cdn.cloudflare.steamstatic.com/apps/dota2/images/dota_react/heroes/mars.png'),
(58, 'Medusa', 'https://cdn.cloudflare.steamstatic.com/apps/dota2/images/dota_react/heroes/medusa.png'),
(59, 'Meepo', 'https://cdn.cloudflare.steamstatic.com/apps/dota2/images/dota_react/heroes/meepo.png'),
(60, 'Mirana', 'https://cdn.cloudflare.steamstatic.com/apps/dota2/images/dota_react/heroes/mirana.png'),
(61, 'Monkey King', 'https://cdn.cloudflare.steamstatic.com/apps/dota2/images/dota_react/heroes/monkey_king.png'),
(62, 'Morphling', 'https://cdn.cloudflare.steamstatic.com/apps/dota2/images/dota_react/heroes/morphling.png'),
(63, 'Naga Siren', 'https://cdn.cloudflare.steamstatic.com/apps/dota2/images/dota_react/heroes/naga_siren.png'),
(64, 'Nature\'s Prophet', 'https://cdn.cloudflare.steamstatic.com/apps/dota2/images/dota_react/heroes/furion.png'),
(65, 'Necrophos', 'https://cdn.cloudflare.steamstatic.com/apps/dota2/images/dota_react/heroes/necrolyte.png'),
(66, 'Night Stalker', 'https://cdn.cloudflare.steamstatic.com/apps/dota2/images/dota_react/heroes/night_stalker.png'),
(67, 'Nyx Assassin', 'https://cdn.cloudflare.steamstatic.com/apps/dota2/images/dota_react/heroes/nyx_assassin.png'),
(68, 'Ogre Magi', 'https://cdn.cloudflare.steamstatic.com/apps/dota2/images/dota_react/heroes/ogre_magi.png'),
(69, 'Omniknight', 'https://cdn.cloudflare.steamstatic.com/apps/dota2/images/dota_react/heroes/omniknight.png'),
(70, 'Oracle', 'https://cdn.cloudflare.steamstatic.com/apps/dota2/images/dota_react/heroes/oracle.png'),
(71, 'Outworld Destroyer', 'https://cdn.cloudflare.steamstatic.com/apps/dota2/images/dota_react/heroes/obsidian_destroyer.png'),
(72, 'Pangolier', 'https://cdn.cloudflare.steamstatic.com/apps/dota2/images/dota_react/heroes/pangolier.png'),
(73, 'Phantom Assassin', 'https://cdn.cloudflare.steamstatic.com/apps/dota2/images/dota_react/heroes/phantom_assassin.png'),
(74, 'Phantom Lancer', 'https://cdn.cloudflare.steamstatic.com/apps/dota2/images/dota_react/heroes/phantom_lancer.png'),
(75, 'Phoenix', 'https://cdn.cloudflare.steamstatic.com/apps/dota2/images/dota_react/heroes/phoenix.png'),
(76, 'Puck', 'https://cdn.cloudflare.steamstatic.com/apps/dota2/images/dota_react/heroes/puck.png'),
(77, 'Pudge', 'https://cdn.cloudflare.steamstatic.com/apps/dota2/images/dota_react/heroes/pudge.png'),
(78, 'Pugna', 'https://cdn.cloudflare.steamstatic.com/apps/dota2/images/dota_react/heroes/pugna.png'),
(79, 'Queen of Pain', 'https://cdn.cloudflare.steamstatic.com/apps/dota2/images/dota_react/heroes/queenofpain.png'),
(80, 'Razor', 'https://cdn.cloudflare.steamstatic.com/apps/dota2/images/dota_react/heroes/razor.png'),
(81, 'Riki', 'https://cdn.cloudflare.steamstatic.com/apps/dota2/images/dota_react/heroes/riki.png'),
(82, 'Rubick', 'https://cdn.cloudflare.steamstatic.com/apps/dota2/images/dota_react/heroes/rubick.png'),
(83, 'Sand King', 'https://cdn.cloudflare.steamstatic.com/apps/dota2/images/dota_react/heroes/sand_king.png'),
(84, 'Shadow Demon', 'https://cdn.cloudflare.steamstatic.com/apps/dota2/images/dota_react/heroes/shadow_demon.png'),
(85, 'Shadow Fiend', 'https://cdn.cloudflare.steamstatic.com/apps/dota2/images/dota_react/heroes/nevermore.png'),
(86, 'Shadow Shaman', 'https://cdn.cloudflare.steamstatic.com/apps/dota2/images/dota_react/heroes/shadow_shaman.png'),
(87, 'Silencer', 'https://cdn.cloudflare.steamstatic.com/apps/dota2/images/dota_react/heroes/silencer.png'),
(88, 'Skywrath Mage', 'https://cdn.cloudflare.steamstatic.com/apps/dota2/images/dota_react/heroes/skywrath_mage.png'),
(89, 'Slardar', 'https://cdn.cloudflare.steamstatic.com/apps/dota2/images/dota_react/heroes/slardar.png'),
(90, 'Slark', 'https://cdn.cloudflare.steamstatic.com/apps/dota2/images/dota_react/heroes/slark.png'),
(91, 'Snapfire', 'https://cdn.cloudflare.steamstatic.com/apps/dota2/images/dota_react/heroes/snapfire.png'),
(92, 'Sniper', 'https://cdn.cloudflare.steamstatic.com/apps/dota2/images/dota_react/heroes/sniper.png'),
(93, 'Spectre', 'https://cdn.cloudflare.steamstatic.com/apps/dota2/images/dota_react/heroes/spectre.png'),
(94, 'Spirit Breaker', 'https://cdn.cloudflare.steamstatic.com/apps/dota2/images/dota_react/heroes/spirit_breaker.png'),
(95, 'Storm Spirit', 'https://cdn.cloudflare.steamstatic.com/apps/dota2/images/dota_react/heroes/storm_spirit.png'),
(96, 'Sven', 'https://cdn.cloudflare.steamstatic.com/apps/dota2/images/dota_react/heroes/sven.png'),
(97, 'Techies', 'https://cdn.cloudflare.steamstatic.com/apps/dota2/images/dota_react/heroes/techies.png'),
(98, 'Templar Assassin', 'https://cdn.cloudflare.steamstatic.com/apps/dota2/images/dota_react/heroes/templar_assassin.png'),
(99, 'Terrorblade', 'https://cdn.cloudflare.steamstatic.com/apps/dota2/images/dota_react/heroes/terrorblade.png'),
(100, 'Tidehunter', 'https://cdn.cloudflare.steamstatic.com/apps/dota2/images/dota_react/heroes/tidehunter.png'),
(101, 'Timbersaw', 'https://cdn.cloudflare.steamstatic.com/apps/dota2/images/dota_react/heroes/shredder.png'),
(102, 'Tinker', 'https://cdn.cloudflare.steamstatic.com/apps/dota2/images/dota_react/heroes/tinker.png'),
(103, 'Tiny', 'https://cdn.cloudflare.steamstatic.com/apps/dota2/images/dota_react/heroes/tiny.png'),
(104, 'Treant Protector', 'https://cdn.cloudflare.steamstatic.com/apps/dota2/images/dota_react/heroes/treant.png'),
(105, 'Troll Warlord', 'https://cdn.cloudflare.steamstatic.com/apps/dota2/images/dota_react/heroes/troll_warlord.png'),
(106, 'Tusk', 'https://cdn.cloudflare.steamstatic.com/apps/dota2/images/dota_react/heroes/tusk.png'),
(107, 'Underlord', 'https://cdn.cloudflare.steamstatic.com/apps/dota2/images/dota_react/heroes/abyssal_underlord.png'),
(108, 'Undying', 'https://cdn.cloudflare.steamstatic.com/apps/dota2/images/dota_react/heroes/undying.png'),
(109, 'Ursa', 'https://cdn.cloudflare.steamstatic.com/apps/dota2/images/dota_react/heroes/ursa.png'),
(110, 'Vengeful Spirit', 'https://cdn.cloudflare.steamstatic.com/apps/dota2/images/dota_react/heroes/vengefulspirit.png'),
(111, 'Venomancer', 'https://cdn.cloudflare.steamstatic.com/apps/dota2/images/dota_react/heroes/venomancer.png'),
(112, 'Viper', 'https://cdn.cloudflare.steamstatic.com/apps/dota2/images/dota_react/heroes/viper.png'),
(113, 'Visage', 'https://cdn.cloudflare.steamstatic.com/apps/dota2/images/dota_react/heroes/visage.png'),
(114, 'Void Spirit', 'https://cdn.cloudflare.steamstatic.com/apps/dota2/images/dota_react/heroes/void_spirit.png'),
(115, 'Warlock', 'https://cdn.cloudflare.steamstatic.com/apps/dota2/images/dota_react/heroes/warlock.png'),
(116, 'Weaver', 'https://cdn.cloudflare.steamstatic.com/apps/dota2/images/dota_react/heroes/weaver.png'),
(117, 'Windranger', 'https://cdn.cloudflare.steamstatic.com/apps/dota2/images/dota_react/heroes/windrunner.png'),
(118, 'Winter Wyvern', 'https://cdn.cloudflare.steamstatic.com/apps/dota2/images/dota_react/heroes/winter_wyvern.png'),
(119, 'Witch Doctor', 'https://cdn.cloudflare.steamstatic.com/apps/dota2/images/dota_react/heroes/witch_doctor.png'),
(120, 'Wraith King', 'https://cdn.cloudflare.steamstatic.com/apps/dota2/images/dota_react/heroes/skeleton_king.png'),
(121, 'Zeus', 'https://cdn.cloudflare.steamstatic.com/apps/dota2/images/dota_react/heroes/zuus.png');

-- --------------------------------------------------------

--
-- Structure de la table `hero_pool`
--

CREATE TABLE `hero_pool` (
  `id_membres` int(11) NOT NULL,
  `hero` int(11) NOT NULL,
  `comfortable` tinyint(1) NOT NULL
) ENGINE=InnoDB DEFAULT CHARSET=utf8mb4 COLLATE=utf8mb4_general_ci;

--
-- Déchargement des données de la table `hero_pool`
--

INSERT INTO `hero_pool` (`id_membres`, `hero`, `comfortable`) VALUES
(1, 1, 1),
(1, 3, 0),
(1, 4, 0),
(1, 6, 0),
(1, 11, 0),
(1, 13, 1),
(1, 15, 0),
(1, 16, 0),
(1, 19, 0),
(1, 20, 1),
(1, 22, 0),
(1, 23, 1),
(1, 24, 0),
(1, 26, 1),
(1, 28, 0),
(1, 29, 0),
(1, 31, 0),
(1, 33, 1),
(1, 36, 0),
(1, 43, 0),
(1, 44, 0),
(1, 47, 0),
(1, 49, 0),
(1, 50, 1),
(1, 51, 0),
(1, 52, 1),
(1, 56, 0),
(1, 58, 1),
(1, 60, 0),
(1, 61, 0),
(1, 63, 0),
(1, 65, 1),
(1, 68, 0),
(1, 69, 1),
(1, 70, 1),
(1, 72, 1),
(1, 73, 1),
(1, 74, 0),
(1, 75, 1),
(1, 77, 0),
(1, 81, 0),
(1, 83, 0),
(1, 84, 0),
(1, 86, 0),
(1, 87, 0),
(1, 88, 0),
(1, 89, 0),
(1, 90, 0),
(1, 91, 0),
(1, 92, 1),
(1, 93, 1),
(1, 94, 0),
(1, 95, 0),
(1, 96, 0),
(1, 99, 0),
(1, 100, 0),
(1, 102, 1),
(1, 105, 1),
(1, 107, 0),
(1, 108, 1),
(1, 109, 0),
(1, 110, 1),
(1, 111, 0),
(1, 112, 0),
(1, 114, 1),
(1, 115, 0),
(1, 116, 0),
(1, 118, 0),
(1, 119, 0),
(1, 120, 0),
(1, 121, 0),
(2, 1, 0),
(2, 2, 1),
(2, 3, 1),
(2, 4, 1),
(2, 6, 1),
(2, 10, 0),
(2, 11, 0),
(2, 13, 1),
(2, 15, 0),
(2, 16, 0),
(2, 18, 0),
(2, 19, 0),
(2, 20, 0),
(2, 21, 0),
(2, 23, 0),
(2, 24, 1),
(2, 25, 0),
(2, 26, 1),
(2, 27, 0),
(2, 28, 0),
(2, 29, 1),
(2, 30, 0),
(2, 31, 1),
(2, 33, 0),
(2, 34, 0),
(2, 36, 1),
(2, 38, 0),
(2, 40, 0),
(2, 41, 0),
(2, 43, 1),
(2, 44, 1),
(2, 45, 0),
(2, 47, 0),
(2, 50, 1),
(2, 51, 0),
(2, 52, 1),
(2, 54, 1),
(2, 55, 0),
(2, 56, 0),
(2, 57, 0),
(2, 58, 1),
(2, 59, 0),
(2, 60, 1),
(2, 61, 0),
(2, 63, 0),
(2, 66, 0),
(2, 67, 0),
(2, 68, 1),
(2, 70, 1),
(2, 71, 0),
(2, 72, 0),
(2, 73, 0),
(2, 74, 1),
(2, 78, 0),
(2, 79, 0),
(2, 85, 0),
(2, 86, 1),
(2, 87, 1),
(2, 88, 0),
(2, 89, 0),
(2, 90, 0),
(2, 91, 0),
(2, 92, 1),
(2, 93, 1),
(2, 94, 0),
(2, 95, 1),
(2, 96, 1),
(2, 99, 0),
(2, 100, 0),
(2, 103, 1),
(2, 104, 1),
(2, 105, 0),
(2, 106, 1),
(2, 108, 0),
(2, 109, 1),
(2, 110, 1),
(2, 111, 0),
(2, 112, 1),
(2, 115, 1),
(2, 116, 0),
(2, 117, 0),
(2, 118, 0),
(2, 119, 1),
(2, 120, 1),
(2, 121, 0),
(3, 1, 0),
(3, 3, 0),
(3, 6, 0),
(3, 8, 0),
(3, 13, 0),
(3, 15, 0),
(3, 16, 1),
(3, 20, 0),
(3, 21, 0),
(3, 24, 1),
(3, 25, 0),
(3, 29, 0),
(3, 31, 0),
(3, 33, 1),
(3, 34, 0),
(3, 36, 0),
(3, 37, 1),
(3, 39, 0),
(3, 40, 0),
(3, 43, 0),
(3, 44, 1),
(3, 46, 0),
(3, 47, 0),
(3, 49, 1),
(3, 50, 1),
(3, 51, 0),
(3, 52, 0),
(3, 58, 0),
(3, 61, 0),
(3, 63, 1),
(3, 66, 0),
(3, 68, 0),
(3, 71, 1),
(3, 72, 1),
(3, 73, 0),
(3, 74, 1),
(3, 75, 0),
(3, 79, 0),
(3, 81, 1),
(3, 86, 0),
(3, 87, 0),
(3, 88, 0),
(3, 89, 0),
(3, 94, 0),
(3, 95, 0),
(3, 96, 1),
(3, 98, 1),
(3, 99, 1),
(3, 100, 1),
(3, 101, 1),
(3, 103, 0),
(3, 105, 0),
(3, 107, 0),
(3, 108, 0),
(3, 109, 0),
(3, 110, 0),
(3, 111, 0),
(3, 118, 0),
(3, 119, 0),
(3, 120, 0),
(4, 1, 0),
(4, 2, 0),
(4, 3, 1),
(4, 4, 0),
(4, 6, 0),
(4, 7, 0),
(4, 11, 0),
(4, 13, 0),
(4, 15, 0),
(4, 16, 0),
(4, 18, 0),
(4, 19, 0),
(4, 20, 1),
(4, 21, 0),
(4, 22, 0),
(4, 24, 0),
(4, 25, 0),
(4, 26, 0),
(4, 28, 0),
(4, 29, 0),
(4, 31, 0),
(4, 36, 0),
(4, 37, 0),
(4, 38, 0),
(4, 39, 0),
(4, 43, 0),
(4, 44, 1),
(4, 45, 0),
(4, 46, 0),
(4, 47, 0),
(4, 49, 0),
(4, 50, 0),
(4, 51, 0),
(4, 52, 1),
(4, 54, 0),
(4, 56, 0),
(4, 57, 0),
(4, 58, 0),
(4, 60, 0),
(4, 61, 0),
(4, 64, 0),
(4, 65, 0),
(4, 66, 0),
(4, 68, 1),
(4, 69, 0),
(4, 71, 0),
(4, 72, 0),
(4, 73, 0),
(4, 74, 0),
(4, 75, 0),
(4, 76, 0),
(4, 78, 0),
(4, 79, 0),
(4, 80, 0),
(4, 81, 0),
(4, 82, 0),
(4, 83, 0),
(4, 86, 0),
(4, 87, 0),
(4, 88, 0),
(4, 89, 0),
(4, 91, 0),
(4, 92, 0),
(4, 93, 0),
(4, 94, 1),
(4, 96, 0),
(4, 98, 0),
(4, 100, 0),
(4, 103, 0),
(4, 104, 0),
(4, 105, 0),
(4, 106, 0),
(4, 107, 1),
(4, 108, 0),
(4, 110, 0),
(4, 111, 0),
(4, 112, 0),
(4, 115, 0),
(4, 116, 0),
(4, 117, 0),
(4, 118, 1),
(4, 119, 1),
(4, 120, 0),
(4, 121, 0),
(5, 1, 0),
(5, 2, 0),
(5, 3, 0),
(5, 4, 0),
(5, 6, 1),
(5, 7, 0),
(5, 8, 0),
(5, 9, 0),
(5, 10, 0),
(5, 11, 0),
(5, 13, 1),
(5, 15, 1),
(5, 16, 1),
(5, 18, 0),
(5, 19, 1),
(5, 20, 1),
(5, 21, 1),
(5, 22, 1),
(5, 23, 1),
(5, 24, 1),
(5, 25, 0),
(5, 26, 0),
(5, 27, 1),
(5, 28, 1),
(5, 29, 0),
(5, 31, 1),
(5, 32, 0),
(5, 33, 0),
(5, 34, 0),
(5, 35, 0),
(5, 36, 0),
(5, 37, 1),
(5, 38, 1),
(5, 39, 1),
(5, 40, 0),
(5, 42, 0),
(5, 43, 0),
(5, 44, 0),
(5, 45, 0),
(5, 46, 0),
(5, 47, 0),
(5, 48, 0),
(5, 49, 0),
(5, 50, 0),
(5, 51, 1),
(5, 52, 1),
(5, 54, 1),
(5, 55, 0),
(5, 56, 0),
(5, 57, 1),
(5, 58, 0),
(5, 60, 0),
(5, 61, 0),
(5, 63, 0),
(5, 64, 0),
(5, 65, 0),
(5, 66, 0),
(5, 67, 0),
(5, 68, 1),
(5, 69, 0),
(5, 70, 1),
(5, 71, 0),
(5, 72, 1),
(5, 73, 0),
(5, 74, 0),
(5, 75, 0),
(5, 78, 0),
(5, 79, 0),
(5, 80, 1),
(5, 81, 0),
(5, 82, 0),
(5, 83, 1),
(5, 84, 0),
(5, 85, 0),
(5, 86, 0),
(5, 87, 0),
(5, 88, 1),
(5, 89, 0),
(5, 90, 0),
(5, 91, 0),
(5, 92, 1),
(5, 93, 1),
(5, 94, 0),
(5, 95, 0),
(5, 96, 1),
(5, 98, 0),
(5, 99, 0),
(5, 100, 0),
(5, 101, 0),
(5, 102, 0),
(5, 103, 0),
(5, 104, 0),
(5, 105, 0),
(5, 106, 1),
(5, 107, 1),
(5, 108, 1),
(5, 109, 0),
(5, 110, 1),
(5, 111, 0),
(5, 112, 1),
(5, 113, 0),
(5, 114, 0),
(5, 115, 0),
(5, 116, 1),
(5, 117, 0),
(5, 118, 0),
(5, 119, 1),
(5, 120, 0),
(5, 121, 0),
(6, 1, 0),
(6, 3, 0),
(6, 7, 0),
(6, 20, 1),
(6, 22, 0),
(6, 24, 1),
(6, 26, 1),
(6, 34, 0),
(6, 39, 1),
(6, 42, 0),
(6, 43, 0),
(6, 45, 0),
(6, 49, 1),
(6, 52, 1),
(6, 60, 0),
(6, 68, 1),
(6, 75, 0),
(6, 78, 1),
(6, 82, 0),
(6, 83, 0),
(6, 84, 0),
(6, 86, 1),
(6, 87, 0),
(6, 88, 0),
(6, 91, 1),
(6, 104, 0),
(6, 108, 0),
(6, 110, 1),
(6, 111, 0),
(6, 112, 1),
(6, 115, 1),
(6, 118, 0),
(6, 119, 1),
(6, 121, 0),
(8, 2, 0),
(8, 4, 1),
(8, 6, 1),
(8, 10, 0),
(8, 13, 1),
(8, 18, 0),
(8, 29, 0),
(8, 36, 1),
(8, 44, 1),
(8, 47, 1),
(8, 50, 1),
(8, 54, 1),
(8, 58, 0),
(8, 61, 1),
(8, 63, 0),
(8, 73, 1),
(8, 74, 0),
(8, 80, 0),
(8, 81, 0),
(8, 87, 1),
(8, 90, 1),
(8, 92, 1),
(8, 93, 1),
(8, 96, 1),
(8, 99, 0),
(8, 103, 1),
(8, 105, 0),
(8, 109, 1),
(8, 112, 0),
(8, 116, 1),
(8, 120, 1);

-- --------------------------------------------------------

--
-- Structure de la table `item_list`
--

CREATE TABLE `item_list` (
  `id` int(11) NOT NULL,
  `nom` varchar(63) NOT NULL,
  `categorie` varchar(31) NOT NULL,
  `type` varchar(31) NOT NULL,
  `golds` int(11) DEFAULT NULL,
  `img` text NOT NULL
) ENGINE=InnoDB DEFAULT CHARSET=utf8mb4 COLLATE=utf8mb4_general_ci COMMENT='https://liquipedia.net/dota2/Portal:Items';

--
-- Déchargement des données de la table `item_list`
--

INSERT INTO `item_list` (`id`, `nom`, `categorie`, `type`, `golds`, `img`) VALUES
(1, 'Observer Ward', 'Basics Items', 'Consumables', 0, 'https://adamrousselle.ddns.net/doto/img/items/60_011.webp'),
(2, 'Clarity', 'Basics Items', 'Consumables', 50, 'https://adamrousselle.ddns.net/doto/img/items/60_058.webp'),
(3, 'Sentry Ward', 'Basics Items', 'Consumables', 50, 'https://adamrousselle.ddns.net/doto/img/items/60_182.webp'),
(4, 'Smoke of Deceit', 'Basics Items', 'Consumables', 50, 'https://adamrousselle.ddns.net/doto/img/items/60_039.webp'),
(5, 'Enchanted Mango', 'Basics Items', 'Consumables', 65, 'https://adamrousselle.ddns.net/doto/img/items/60.webp'),
(6, 'Faerie Fire', 'Basics Items', 'Consumables', 70, 'https://adamrousselle.ddns.net/doto/img/items/60_007.webp'),
(7, 'Tome of Knowledge', 'Basics Items', 'Consumables', 75, 'https://adamrousselle.ddns.net/doto/img/items/60_207.webp'),
(8, 'Dust of Appearance', 'Basics Items', 'Consumables', 80, 'https://adamrousselle.ddns.net/doto/img/items/60_006.webp'),
(9, 'Tango', 'Basics Items', 'Consumables', 90, 'https://adamrousselle.ddns.net/doto/img/items/60_147.webp'),
(10, 'Town Portal Scroll', 'Basics Items', 'Consumables', 100, 'https://adamrousselle.ddns.net/doto/img/items/60_197.webp'),
(11, 'Healing Salve', 'Basics Items', 'Consumables', 110, 'https://adamrousselle.ddns.net/doto/img/items/60_140.webp'),
(12, 'Bottle', 'Basics Items', 'Consumables', 675, 'https://adamrousselle.ddns.net/doto/img/items/60_107.webp'),
(13, 'Iron Branch', 'Basics Items', 'Attributes', 50, 'https://adamrousselle.ddns.net/doto/img/items/60_213.webp'),
(14, 'Gauntlets of Strength', 'Basics Items', 'Attributes', 140, 'https://adamrousselle.ddns.net/doto/img/items/60_034.webp'),
(15, 'Mantle of Intelligence', 'Basics Items', 'Attributes', 140, 'https://adamrousselle.ddns.net/doto/img/items/60_259.webp'),
(16, 'Slippers of Agility', 'Basics Items', 'Attributes', 140, 'https://adamrousselle.ddns.net/doto/img/items/60_065.webp'),
(17, 'Circlet', 'Basics Items', 'Attributes', 155, 'https://adamrousselle.ddns.net/doto/img/items/60_074.webp'),
(18, 'Band of Elvenskin', 'Basics Items', 'Attributes', 450, 'https://adamrousselle.ddns.net/doto/img/items/60_103.webp'),
(19, 'Belt of Strength', 'Basics Items', 'Attributes', 450, 'https://adamrousselle.ddns.net/doto/img/items/60_110.webp'),
(20, 'Crown', 'Basics Items', 'Attributes', 450, 'https://adamrousselle.ddns.net/doto/img/items/60_136.webp'),
(21, 'Robe of the Magi', 'Basics Items', 'Attributes', 450, 'https://adamrousselle.ddns.net/doto/img/items/60_050.webp'),
(22, 'Blade of Alacrity', 'Basics Items', 'Attributes', 1000, 'https://adamrousselle.ddns.net/doto/img/items/60_196.webp'),
(23, 'Ogre Axe', 'Basics Items', 'Attributes', 1000, 'https://adamrousselle.ddns.net/doto/img/items/60_072.webp'),
(24, 'Staff of Wizardry', 'Basics Items', 'Equipment', 1000, 'https://adamrousselle.ddns.net/doto/img/items/60_030.webp'),
(25, 'Quelling Blade', 'Basics Items', 'Equipment', 130, 'https://adamrousselle.ddns.net/doto/img/items/60_100.webp'),
(26, 'Ring of Protection', 'Basics Items', 'Equipment', 175, 'https://adamrousselle.ddns.net/doto/img/items/60_287.webp'),
(27, 'Infused Raindrops', 'Basics Items', 'Equipment', 225, 'https://adamrousselle.ddns.net/doto/img/items/60_093.webp'),
(28, 'Orb of Venom', 'Basics Items', 'Equipment', 275, 'https://adamrousselle.ddns.net/doto/img/items/60_264.webp'),
(29, 'Blight Stone', 'Basics Items', 'Equipment', 300, 'https://adamrousselle.ddns.net/doto/img/items/60_090.webp'),
(30, 'Blades of Attack', 'Basics Items', 'Equipment', 450, 'https://adamrousselle.ddns.net/doto/img/items/60_054.webp'),
(31, 'Gloves of Haste', 'Basics Items', 'Equipment', 450, 'https://adamrousselle.ddns.net/doto/img/items/60_125.webp'),
(32, 'Chainmail', 'Basics Items', 'Equipment', 550, 'https://adamrousselle.ddns.net/doto/img/items/60_275.webp'),
(33, 'Quarterstaff', 'Basics Items', 'Equipment', 875, 'https://adamrousselle.ddns.net/doto/img/items/60_167.webp'),
(34, 'Helm of Iron Will', 'Basics Items', 'Equipment', 950, 'https://adamrousselle.ddns.net/doto/img/items/60_250.webp'),
(35, 'Blitz Knuckles', 'Basics Items', 'Equipment', 1000, 'https://adamrousselle.ddns.net/doto/img/items/60_117.webp'),
(36, 'Broadsword', 'Basics Items', 'Equipment', 1000, 'https://adamrousselle.ddns.net/doto/img/items/60_171.webp'),
(37, 'Javelin', 'Basics Items', 'Equipment', 1100, 'https://adamrousselle.ddns.net/doto/img/items/60_057.webp'),
(38, 'Claymore', 'Basics Items', 'Equipment', 1350, 'https://adamrousselle.ddns.net/doto/img/items/60_068.webp'),
(39, 'Mithril Hammer', 'Basics Items', 'Equipment', 1600, 'https://adamrousselle.ddns.net/doto/img/items/60_291.webp'),
(40, 'Ring of Regen', 'Basics Items', 'Miscellaneous', 175, 'https://adamrousselle.ddns.net/doto/img/items/60_121.webp'),
(41, 'Magic Stick', 'Basics Items', 'Miscellaneous', 200, 'https://adamrousselle.ddns.net/doto/img/items/60_285.webp'),
(42, 'Fluffy Hat', 'Basics Items', 'Miscellaneous', 250, 'https://adamrousselle.ddns.net/doto/img/items/60_204.webp'),
(43, 'Wind Lace', 'Basics Items', 'Miscellaneous', 250, 'https://adamrousselle.ddns.net/doto/img/items/60_098.webp'),
(44, 'Boots of Speed', 'Basics Items', 'Miscellaneous', 500, 'https://adamrousselle.ddns.net/doto/img/items/60_210.webp'),
(45, 'Cloak', 'Basics Items', 'Miscellaneous', 500, 'https://adamrousselle.ddns.net/doto/img/items/60_053.webp'),
(46, 'Voodoo Mask', 'Basics Items', 'Miscellaneous', 700, 'https://adamrousselle.ddns.net/doto/img/items/60_277.webp'),
(47, 'Gem of True Sight', 'Basics Items', 'Miscellaneous', 900, 'https://adamrousselle.ddns.net/doto/img/items/60_133.webp'),
(48, 'Morbid Mask', 'Basics Items', 'Miscellaneous', 900, 'https://adamrousselle.ddns.net/doto/img/items/60_231.webp'),
(49, 'Shadow Amulet', 'Basics Items', 'Miscellaneous', 1000, 'https://adamrousselle.ddns.net/doto/img/items/60_120.webp'),
(50, 'Ghost Scepter', 'Basics Items', 'Miscellaneous', 1500, 'https://adamrousselle.ddns.net/doto/img/items/60_252.webp'),
(51, 'Blink Dagger', 'Basics Items', 'Miscellaneous', 2250, 'https://adamrousselle.ddns.net/doto/img/items/60_010.webp'),
(52, 'Energy Booster', 'Basics Items', 'Secret', 800, 'https://adamrousselle.ddns.net/doto/img/items/60_274.webp'),
(53, 'Ring of Health', 'Basics Items', 'Secret', 825, 'https://adamrousselle.ddns.net/doto/img/items/60_230.webp'),
(54, 'Void Stone', 'Basics Items', 'Secret', 825, 'https://adamrousselle.ddns.net/doto/img/items/60_084.webp'),
(55, 'Vitality Booster', 'Basics Items', 'Secret', 1000, 'https://adamrousselle.ddns.net/doto/img/items/60_175.webp'),
(56, 'Point Booster', 'Basics Items', 'Secret', 1200, 'https://adamrousselle.ddns.net/doto/img/items/60_260.webp'),
(57, 'Talisman of Evasion', 'Basics Items', 'Secret', 1300, 'https://adamrousselle.ddns.net/doto/img/items/60_116.webp'),
(58, 'Platemail', 'Basics Items', 'Secret', 1400, 'https://adamrousselle.ddns.net/doto/img/items/60_159.webp'),
(59, 'Hyperstone', 'Basics Items', 'Secret', 2000, 'https://adamrousselle.ddns.net/doto/img/items/60_083.webp'),
(60, 'Ultimate Orb', 'Basics Items', 'Secret', 2050, 'https://adamrousselle.ddns.net/doto/img/items/60_033.webp'),
(61, 'Demon Edge', 'Basics Items', 'Secret', 2200, 'https://adamrousselle.ddns.net/doto/img/items/60_282.webp'),
(62, 'Eaglesong', 'Basics Items', 'Secret', 2800, 'https://adamrousselle.ddns.net/doto/img/items/60_223.webp'),
(63, 'Mystic Staff', 'Basics Items', 'Secret', 2800, 'https://adamrousselle.ddns.net/doto/img/items/60_115.webp'),
(64, 'Reaver', 'Basics Items', 'Secret', 2800, 'https://adamrousselle.ddns.net/doto/img/items/60_218.webp'),
(65, 'Sacred Relic', 'Basics Items', 'Secret', 3750, 'https://adamrousselle.ddns.net/doto/img/items/60_088.webp'),
(66, 'Magic Wand', 'Upgraded Items', 'Accessories', 450, 'https://adamrousselle.ddns.net/doto/img/items/60_249.webp'),
(67, 'Bracer', 'Upgraded Items', 'Accessories', 505, 'https://adamrousselle.ddns.net/doto/img/items/60_122.webp'),
(68, 'Null Talisman', 'Upgraded Items', 'Accessories', 505, 'https://adamrousselle.ddns.net/doto/img/items/60_202.webp'),
(69, 'Wraith Band', 'Upgraded Items', 'Accessories', 505, 'https://adamrousselle.ddns.net/doto/img/items/60_245.webp'),
(70, 'Soul Ring', 'Upgraded Items', 'Accessories', 680, 'https://adamrousselle.ddns.net/doto/img/items/60_028.webp'),
(71, 'Orb of Corrosion', 'Upgraded Items', 'Accessories', 925, 'https://adamrousselle.ddns.net/doto/img/items/60_109.webp'),
(72, 'Falcon Blade', 'Upgraded Items', 'Accessories', 1100, 'https://adamrousselle.ddns.net/doto/img/items/60_129.webp'),
(73, 'Power Treads', 'Upgraded Items', 'Accessories', 1400, 'https://adamrousselle.ddns.net/doto/img/items/60_038.webp'),
(74, 'Oblivion Staff', 'Upgraded Items', 'Accessories', 1500, 'https://adamrousselle.ddns.net/doto/img/items/60_279.webp'),
(75, 'Phase Boots', 'Upgraded Items', 'Accessories', 1500, 'https://adamrousselle.ddns.net/doto/img/items/60_181.webp'),
(76, 'Perseverance', 'Upgraded Items', 'Accessories', 1650, 'https://adamrousselle.ddns.net/doto/img/items/60_215.webp'),
(77, 'Mask of Madness', 'Upgraded Items', 'Accessories', 1775, 'https://adamrousselle.ddns.net/doto/img/items/60_273.webp'),
(78, 'Hand of Midas', 'Upgraded Items', 'Accessories', 2200, 'https://adamrousselle.ddns.net/doto/img/items/60_027.webp'),
(79, 'Helm of the Dominator', 'Upgraded Items', 'Accessories', 2350, 'https://adamrousselle.ddns.net/doto/img/items/60_276.webp'),
(80, 'Boots of Travel', 'Upgraded Items', 'Accessories', 2500, 'https://adamrousselle.ddns.net/doto/img/items/60_096.webp'),
(81, 'Moon Shard', 'Upgraded Items', 'Accessories', 4000, 'https://adamrousselle.ddns.net/doto/img/items/60_012.webp'),
(82, 'Helm of the Overlord', 'Upgraded Items', 'Support', 6275, 'https://adamrousselle.ddns.net/doto/img/items/60_118.webp'),
(83, 'Buckler', 'Upgraded Items', 'Support', 425, 'https://adamrousselle.ddns.net/doto/img/items/60_036.webp'),
(84, 'Headdress', 'Upgraded Items', 'Support', 425, 'https://adamrousselle.ddns.net/doto/img/items/60_041.webp'),
(85, 'Ring of Basilius', 'Upgraded Items', 'Support', 425, 'https://adamrousselle.ddns.net/doto/img/items/60_253.webp'),
(86, 'Urn of Shadows', 'Upgraded Items', 'Support', 840, 'https://adamrousselle.ddns.net/doto/img/items/60_180.webp'),
(87, 'Tranquil Boots', 'Upgraded Items', 'Support', 925, 'https://adamrousselle.ddns.net/doto/img/items/60_201.webp'),
(88, 'Medallion of Courage', 'Upgraded Items', 'Support', 1025, 'https://adamrousselle.ddns.net/doto/img/items/60_063.webp'),
(89, 'Arcane Boots', 'Upgraded Items', 'Support', 1300, 'https://adamrousselle.ddns.net/doto/img/items/60_267.webp'),
(90, 'Drum of Endurance', 'Upgraded Items', 'Support', 1700, 'https://adamrousselle.ddns.net/doto/img/items/60_059.webp'),
(91, 'Mekansm', 'Upgraded Items', 'Support', 1875, 'https://adamrousselle.ddns.net/doto/img/items/60_172.webp'),
(92, 'Holy Locket', 'Upgraded Items', 'Support', 2400, 'https://adamrousselle.ddns.net/doto/img/items/60_227.webp'),
(93, 'Spirit Vessel', 'Upgraded Items', 'Support', 2840, 'https://adamrousselle.ddns.net/doto/img/items/60_166.webp'),
(94, 'Pipe of Insight', 'Upgraded Items', 'Support', 3475, 'https://adamrousselle.ddns.net/doto/img/items/60_174.webp'),
(95, 'Guardian Greaves', 'Upgraded Items', 'Magical', 5200, 'https://adamrousselle.ddns.net/doto/img/items/60_177.webp'),
(96, 'Veil of Discord', 'Upgraded Items', 'Magical', 1525, 'https://adamrousselle.ddns.net/doto/img/items/60_164.webp'),
(97, 'Glimmer Cape', 'Upgraded Items', 'Magical', 1950, 'https://adamrousselle.ddns.net/doto/img/items/60_160.webp'),
(98, 'Force Staff', 'Upgraded Items', 'Magical', 2200, 'https://adamrousselle.ddns.net/doto/img/items/60_051.webp'),
(99, 'Aether Lens', 'Upgraded Items', 'Magical', 2275, 'https://adamrousselle.ddns.net/doto/img/items/60_173.webp'),
(100, 'Witch Blade', 'Upgraded Items', 'Magical', 2600, 'https://adamrousselle.ddns.net/doto/img/items/60_248.webp'),
(101, 'Solar Crest', 'Upgraded Items', 'Magical', 2625, 'https://adamrousselle.ddns.net/doto/img/items/60_004.webp'),
(102, 'Dagon', 'Upgraded Items', 'Magical', 2700, 'https://adamrousselle.ddns.net/doto/img/items/60_094.webp'),
(103, 'Rod of Atos', 'Upgraded Items', 'Magical', 2750, 'https://adamrousselle.ddns.net/doto/img/items/60_155.webp'),
(104, 'Orchid Malevolence', 'Upgraded Items', 'Magical', 3475, 'https://adamrousselle.ddns.net/doto/img/items/60_258.webp'),
(105, 'Refresher Orb', 'Upgraded Items', 'Magical', 5000, 'https://adamrousselle.ddns.net/doto/img/items/60_025.webp'),
(106, 'Octarine Core', 'Upgraded Items', 'Magical', 5275, 'https://adamrousselle.ddns.net/doto/img/items/60_163.webp'),
(107, 'Scythe of Vyse', 'Upgraded Items', 'Magical', 5675, 'https://adamrousselle.ddns.net/doto/img/items/60_217.webp'),
(108, 'Gleipnir', 'Upgraded Items', 'Magical', 6150, 'https://adamrousselle.ddns.net/doto/img/items/60_247.webp'),
(109, 'Wind Waker', 'Upgraded Items', 'Magical', 6825, 'https://adamrousselle.ddns.net/doto/img/items/60_078.webp'),
(110, 'Hood of Defiance', 'Upgraded Items', 'Armor', 1500, 'https://adamrousselle.ddns.net/doto/img/items/60_127.webp'),
(111, 'Vanguard', 'Upgraded Items', 'Armor', 1825, 'https://adamrousselle.ddns.net/doto/img/items/60_141.webp'),
(112, 'Blade Mail', 'Upgraded Items', 'Armor', 2125, 'https://adamrousselle.ddns.net/doto/img/items/60_198.webp'),
(113, 'Aeon Disk', 'Upgraded Items', 'Armor', 3000, 'https://adamrousselle.ddns.net/doto/img/items/60_130.webp'),
(114, 'Soul Booster', 'Upgraded Items', 'Armor', 3000, 'https://adamrousselle.ddns.net/doto/img/items/60_266.webp'),
(115, 'Eternal Shroud', 'Upgraded Items', 'Armor', 3300, 'https://adamrousselle.ddns.net/doto/img/items/60_256.webp'),
(116, 'Crimson Guard', 'Upgraded Items', 'Armor', 3650, 'https://adamrousselle.ddns.net/doto/img/items/60_157.webp'),
(117, 'Lotus Orb', 'Upgraded Items', 'Armor', 3850, 'https://adamrousselle.ddns.net/doto/img/items/60_194.webp'),
(118, 'Black King Bar', 'Upgraded Items', 'Armor', 4050, 'https://adamrousselle.ddns.net/doto/img/items/60_016.webp'),
(119, 'Hurricane Pike', 'Upgraded Items', 'Armor', 4550, 'https://adamrousselle.ddns.net/doto/img/items/60_289.webp'),
(120, 'Manta Style', 'Upgraded Items', 'Armor', 4600, 'https://adamrousselle.ddns.net/doto/img/items/60_095.webp'),
(121, 'Heart of Tarrasque', 'Upgraded Items', 'Armor', 5100, 'https://adamrousselle.ddns.net/doto/img/items/60_087.webp'),
(122, 'Assault Cuirass', 'Upgraded Items', 'Armor', 5125, 'https://adamrousselle.ddns.net/doto/img/items/60_165.webp'),
(123, 'Bloodstone', 'Upgraded Items', 'Weapons', 5750, 'https://adamrousselle.ddns.net/doto/img/items/60_019.webp'),
(124, 'Crystalys', 'Upgraded Items', 'Weapons', 1950, 'https://adamrousselle.ddns.net/doto/img/items/60_176.webp'),
(125, 'Meteor Hammer', 'Upgraded Items', 'Weapons', 2350, 'https://adamrousselle.ddns.net/doto/img/items/60_131.webp'),
(126, 'Armlet of Mordiggian', 'Upgraded Items', 'Weapons', 2475, 'https://adamrousselle.ddns.net/doto/img/items/60_008.webp'),
(127, 'Skull Basher', 'Upgraded Items', 'Weapons', 2950, 'https://adamrousselle.ddns.net/doto/img/items/60_005.webp'),
(128, 'Shadow Blade', 'Upgraded Items', 'Weapons', 3000, 'https://adamrousselle.ddns.net/doto/img/items/60_272.webp'),
(129, 'Desolator', 'Upgraded Items', 'Weapons', 3500, 'https://adamrousselle.ddns.net/doto/img/items/60_191.webp'),
(130, 'Battle Fury', 'Upgraded Items', 'Weapons', 4130, 'https://adamrousselle.ddns.net/doto/img/items/60_082.webp'),
(131, 'Ethereal Blade', 'Upgraded Items', 'Weapons', 4300, 'https://adamrousselle.ddns.net/doto/img/items/60_156.webp'),
(132, 'Nullifier', 'Upgraded Items', 'Weapons', 4725, 'https://adamrousselle.ddns.net/doto/img/items/60_021.webp'),
(133, 'Butterfly', 'Upgraded Items', 'Weapons', 4975, 'https://adamrousselle.ddns.net/doto/img/items/60_056.webp'),
(134, 'Monkey King Bar', 'Upgraded Items', 'Weapons', 4975, 'https://adamrousselle.ddns.net/doto/img/items/60_126.webp'),
(135, 'Daedalus', 'Upgraded Items', 'Weapons', 5150, 'https://adamrousselle.ddns.net/doto/img/items/60_203.webp'),
(136, 'Radiance', 'Upgraded Items', 'Weapons', 5150, 'https://adamrousselle.ddns.net/doto/img/items/60_214.webp'),
(137, 'Silver Edge', 'Upgraded Items', 'Weapons', 5450, 'https://adamrousselle.ddns.net/doto/img/items/60_032.webp'),
(138, 'Divine Rapier', 'Upgraded Items', 'Weapons', 6000, 'https://adamrousselle.ddns.net/doto/img/items/60_067.webp'),
(139, 'Bloodthorn', 'Upgraded Items', 'Weapons', 6275, 'https://adamrousselle.ddns.net/doto/img/items/60_111.webp'),
(140, 'Abyssal Blade', 'Upgraded Items', 'Artifacts', 6325, 'https://adamrousselle.ddns.net/doto/img/items/60_169.webp'),
(141, 'Dragon Lance', 'Upgraded Items', 'Artifacts', 1900, 'https://adamrousselle.ddns.net/doto/img/items/60_029.webp'),
(142, 'Kaya', 'Upgraded Items', 'Artifacts', 2050, 'https://adamrousselle.ddns.net/doto/img/items/60_079.webp'),
(143, 'Sange', 'Upgraded Items', 'Artifacts', 2050, 'https://adamrousselle.ddns.net/doto/img/items/60_184.webp'),
(144, 'Yasha', 'Upgraded Items', 'Artifacts', 2050, 'https://adamrousselle.ddns.net/doto/img/items/60_151.webp'),
(145, 'Mage Slayer', 'Upgraded Items', 'Artifacts', 2400, 'https://adamrousselle.ddns.net/doto/img/items/60_185.webp'),
(146, 'Echo Sabre', 'Upgraded Items', 'Artifacts', 2500, 'https://adamrousselle.ddns.net/doto/img/items/60_152.webp'),
(147, 'Maelstrom', 'Upgraded Items', 'Artifacts', 2700, 'https://adamrousselle.ddns.net/doto/img/items/60_062.webp'),
(148, 'Diffusal Blade', 'Upgraded Items', 'Artifacts', 3150, 'https://adamrousselle.ddns.net/doto/img/items/60_239.webp'),
(149, 'Kaya and Sange', 'Upgraded Items', 'Artifacts', 4100, 'https://adamrousselle.ddns.net/doto/img/items/60_221.webp'),
(150, 'Sange and Yasha', 'Upgraded Items', 'Artifacts', 4100, 'https://adamrousselle.ddns.net/doto/img/items/60_003.webp'),
(151, 'Yasha and Kaya', 'Upgraded Items', 'Artifacts', 4100, 'https://adamrousselle.ddns.net/doto/img/items/60_246.webp'),
(152, 'Satanic', 'Upgraded Items', 'Artifacts', 5050, 'https://adamrousselle.ddns.net/doto/img/items/60_283.webp'),
(153, 'Eye of Skadi', 'Upgraded Items', 'Artifacts', 5300, 'https://adamrousselle.ddns.net/doto/img/items/60_015.webp'),
(154, 'Mjollnir', 'Upgraded Items', 'Artifacts', 5600, 'https://adamrousselle.ddns.net/doto/img/items/60_113.webp'),
(155, 'Arcane Blink', 'Upgraded Items', 'Artifacts', 6800, 'https://adamrousselle.ddns.net/doto/img/items/60_294.webp'),
(156, 'Overwhelming Blink', 'Upgraded Items', 'Artifacts', 6800, 'https://adamrousselle.ddns.net/doto/img/items/60_192.webp'),
(157, 'Swift Blink', 'Upgraded Items', 'Artifacts', 6800, 'https://adamrousselle.ddns.net/doto/img/items/60_037.webp'),
(158, 'Arcane Ring', 'Neutral Items', 'Artifacts', 0, 'https://adamrousselle.ddns.net/doto/img/items/60_101.webp'),
(159, 'Broom Handle', 'Neutral Items', 'Artifacts', 0, 'https://adamrousselle.ddns.net/doto/img/items/60_162.webp'),
(160, 'Chipped Vest', 'Neutral Items', 'Artifacts', 0, 'https://adamrousselle.ddns.net/doto/img/items/60_091.webp'),
(161, 'Keen Optic', 'Neutral Items', 'Artifacts', 0, 'https://adamrousselle.ddns.net/doto/img/items/60_134.webp'),
(162, 'Ocean Heart', 'Neutral Items', 'Artifacts', 0, 'https://adamrousselle.ddns.net/doto/img/items/60_081.webp'),
(163, 'Pig Pole', 'Neutral Items', 'Artifacts', 0, 'https://adamrousselle.ddns.net/doto/img/items/60_055.webp'),
(164, 'Possessed Mask', 'Neutral Items', 'Artifacts', 0, 'https://adamrousselle.ddns.net/doto/img/items/60_193.webp'),
(165, 'Trusty Shovel', 'Neutral Items', 'Artifacts', 0, 'https://adamrousselle.ddns.net/doto/img/items/60_235.webp'),
(166, 'Bullwhip', 'Neutral Items', 'Artifacts', 0, 'https://adamrousselle.ddns.net/doto/img/items/60_018.webp'),
(167, 'Dragon Scale', 'Neutral Items', 'Artifacts', 0, 'https://adamrousselle.ddns.net/doto/img/items/60_112.webp'),
(168, 'Essence Ring', 'Neutral Items', 'Artifacts', 0, 'https://adamrousselle.ddns.net/doto/img/items/60_240.webp'),
(169, 'Fae Grenade', 'Neutral Items', 'Artifacts', 0, 'https://adamrousselle.ddns.net/doto/img/items/60_073.webp'),
(170, 'Grove Bow', 'Neutral Items', 'Artifacts', 0, 'https://adamrousselle.ddns.net/doto/img/items/60_145.webp'),
(171, 'Nether Shawl', 'Neutral Items', 'Artifacts', 0, 'https://adamrousselle.ddns.net/doto/img/items/60_132.webp'),
(172, 'Quicksilver Amulet', 'Neutral Items', 'Artifacts', 0, 'https://adamrousselle.ddns.net/doto/img/items/60_154.webp'),
(173, 'Ring of Aquila', 'Neutral Items', 'Artifacts', 0, 'https://adamrousselle.ddns.net/doto/img/items/60_208.webp'),
(174, 'Vambrace', 'Neutral Items', 'Artifacts', 0, 'https://adamrousselle.ddns.net/doto/img/items/60_114.webp'),
(175, 'Blast Rig', 'Neutral Items', 'Artifacts', 0, 'https://adamrousselle.ddns.net/doto/img/items/60_205.webp'),
(176, 'Ceremonial Robe', 'Neutral Items', 'Artifacts', 0, 'https://adamrousselle.ddns.net/doto/img/items/60_222.webp'),
(177, 'Cloak of Flames', 'Neutral Items', 'Artifacts', 0, 'https://adamrousselle.ddns.net/doto/img/items/60_290.webp'),
(178, 'Elven Tunic', 'Neutral Items', 'Artifacts', 0, 'https://adamrousselle.ddns.net/doto/img/items/60_199.webp'),
(179, 'Enchanted Quiver', 'Neutral Items', 'Artifacts', 0, 'https://adamrousselle.ddns.net/doto/img/items/60_071.webp'),
(180, 'Mind Breaker', 'Neutral Items', 'Artifacts', 0, 'https://adamrousselle.ddns.net/doto/img/items/60_237.webp'),
(181, 'Paladin Sword', 'Neutral Items', 'Artifacts', 0, 'https://adamrousselle.ddns.net/doto/img/items/60_188.webp'),
(182, 'Psychic Headband', 'Neutral Items', 'Artifacts', 0, 'https://adamrousselle.ddns.net/doto/img/items/60_040.webp'),
(183, 'Quickening Charm', 'Neutral Items', 'Artifacts', 0, 'https://adamrousselle.ddns.net/doto/img/items/60_179.webp'),
(184, 'Spider Legs', 'Neutral Items', 'Artifacts', 0, 'https://adamrousselle.ddns.net/doto/img/items/60_183.webp'),
(185, 'Titan Sliver', 'Neutral Items', 'Artifacts', 0, 'https://adamrousselle.ddns.net/doto/img/items/60_219.webp'),
(186, 'Flicker', 'Neutral Items', 'Artifacts', 0, 'https://adamrousselle.ddns.net/doto/img/items/60_225.webp'),
(187, 'Ninja Gear', 'Neutral Items', 'Artifacts', 0, 'https://adamrousselle.ddns.net/doto/img/items/60_009.webp'),
(188, 'Penta-Edged Sword', 'Neutral Items', 'Artifacts', 0, 'https://adamrousselle.ddns.net/doto/img/items/60_257.webp'),
(189, 'Spell Prism', 'Neutral Items', 'Artifacts', 0, 'https://adamrousselle.ddns.net/doto/img/items/60_281.webp'),
(190, 'Stormcrafter', 'Neutral Items', 'Artifacts', 0, 'https://adamrousselle.ddns.net/doto/img/items/60_186.webp'),
(191, 'Telescope', 'Neutral Items', 'Artifacts', 0, 'https://adamrousselle.ddns.net/doto/img/items/60_251.webp'),
(192, 'The Leveller', 'Neutral Items', 'Artifacts', 0, 'https://adamrousselle.ddns.net/doto/img/items/60_086.webp'),
(193, 'Timeless Relic', 'Neutral Items', 'Artifacts', 0, 'https://adamrousselle.ddns.net/doto/img/items/60_075.webp'),
(194, 'Trickster Cloak', 'Neutral Items', 'Artifacts', 0, 'https://adamrousselle.ddns.net/doto/img/items/60_014.webp'),
(195, 'Witchbane', 'Neutral Items', 'Artifacts', 0, 'https://adamrousselle.ddns.net/doto/img/items/60_022.webp'),
(196, 'Apex', 'Neutral Items', 'Artifacts', 0, 'https://adamrousselle.ddns.net/doto/img/items/60_104.webp'),
(197, 'Book of Shadows', 'Neutral Items', 'Artifacts', 0, 'https://adamrousselle.ddns.net/doto/img/items/60_261.webp'),
(198, 'Book of the Dead', 'Neutral Items', 'Artifacts', 0, 'https://adamrousselle.ddns.net/doto/img/items/60_228.webp'),
(199, 'Ex Machina', 'Neutral Items', 'Artifacts', 0, 'https://adamrousselle.ddns.net/doto/img/items/60_099.webp'),
(200, 'Fallen Sky', 'Neutral Items', 'Artifacts', 0, 'https://adamrousselle.ddns.net/doto/img/items/60_284.webp'),
(201, 'Force Boots', 'Neutral Items', 'Artifacts', 0, 'https://adamrousselle.ddns.net/doto/img/items/60_043.webp'),
(202, 'Mirror Shield', 'Neutral Items', 'Artifacts', 0, 'https://adamrousselle.ddns.net/doto/img/items/60_244.webp'),
(203, 'Pirate Hat', 'Neutral Items', 'Artifacts', 0, 'https://adamrousselle.ddns.net/doto/img/items/60_061.webp'),
(204, 'Seer Stone', 'Neutral Items', 'Artifacts', 0, 'https://adamrousselle.ddns.net/doto/img/items/60_280.webp'),
(205, 'Stygian Desolator', 'Neutral Items', 'Artifacts', 0, 'https://adamrousselle.ddns.net/doto/img/items/60_108.webp'),
(206, 'Ballista', 'Neutral Items', 'Artifacts', 0, 'https://adamrousselle.ddns.net/doto/img/items/60_066.webp'),
(207, 'Clumsy Net', 'Neutral Items', 'Artifacts', 0, 'https://adamrousselle.ddns.net/doto/img/items/60_097.webp'),
(208, 'Craggy Coat', 'Neutral Items', 'Artifacts', 0, 'https://adamrousselle.ddns.net/doto/img/items/60_089.webp'),
(209, 'Elixir', 'Neutral Items', 'Artifacts', 0, 'https://adamrousselle.ddns.net/doto/img/items/60_286.webp'),
(210, 'Faded Broach', 'Neutral Items', 'Artifacts', 0, 'https://adamrousselle.ddns.net/doto/img/items/60_189.webp'),
(211, 'Fusion Rune', 'Neutral Items', 'Artifacts', 0, 'https://adamrousselle.ddns.net/doto/img/items/60_042.webp'),
(212, 'Greater Faerie Fire', 'Neutral Items', 'Artifacts', 0, 'https://adamrousselle.ddns.net/doto/img/items/60_060.webp'),
(213, 'Havoc Hammer', 'Neutral Items', 'Artifacts', 0, 'https://adamrousselle.ddns.net/doto/img/items/60_077.webp'),
(214, 'Helm of the Undying', 'Neutral Items', 'Artifacts', 0, 'https://adamrousselle.ddns.net/doto/img/items/60_233.webp'),
(215, 'Imp Claw', 'Neutral Items', 'Artifacts', 0, 'https://adamrousselle.ddns.net/doto/img/items/60_216.webp'),
(216, 'Iron Talon', 'Neutral Items', 'Artifacts', 0, 'https://adamrousselle.ddns.net/doto/img/items/60_161.webp'),
(217, 'Ironwood Tree', 'Neutral Items', 'Artifacts', 0, 'https://adamrousselle.ddns.net/doto/img/items/60_026.webp'),
(218, 'Magic Lamp', 'Neutral Items', 'Artifacts', 0, 'https://adamrousselle.ddns.net/doto/img/items/60_168.webp'),
(219, 'Mango Tree', 'Neutral Items', 'Artifacts', 0, 'https://adamrousselle.ddns.net/doto/img/items/60_263.webp'),
(220, 'Minotaur Horn', 'Neutral Items', 'Artifacts', 0, 'https://adamrousselle.ddns.net/doto/img/items/60_226.webp'),
(221, 'Orb of Destruction', 'Neutral Items', 'Artifacts', 0, 'https://adamrousselle.ddns.net/doto/img/items/60_124.webp'),
(222, 'Phoenix Ash', 'Neutral Items', 'Artifacts', 0, 'https://adamrousselle.ddns.net/doto/img/items/60_178.webp'),
(223, 'Repair Kit', 'Neutral Items', 'Artifacts', 0, 'https://adamrousselle.ddns.net/doto/img/items/60_270.webp'),
(224, 'Royal Jelly', 'Neutral Items', 'Artifacts', 0, 'https://adamrousselle.ddns.net/doto/img/items/60_265.webp'),
(225, 'Third Eye', 'Neutral Items', 'Artifacts', 0, 'https://adamrousselle.ddns.net/doto/img/items/60_269.webp'),
(226, 'Tome of Aghanim', 'Neutral Items', 'Artifacts', 0, 'https://adamrousselle.ddns.net/doto/img/items/60_035.webp'),
(227, 'Vampire Fangs', 'Neutral Items', 'Artifacts', 0, 'https://adamrousselle.ddns.net/doto/img/items/60_052.webp'),
(228, 'Witless Shako', 'Neutral Items', 'Artifacts', 0, 'https://adamrousselle.ddns.net/doto/img/items/60_234.webp'),
(229, 'Woodland Striders', 'Neutral Items', 'Artifacts', 0, 'https://adamrousselle.ddns.net/doto/img/items/60_128.webp'),
(230, 'Trident', 'Neutral Items', 'Artifacts', 6150, 'https://adamrousselle.ddns.net/doto/img/items/60_070.webp'),
(231, 'Ancient Perseverance', 'Neutral Items', 'Artifacts', 0, 'https://adamrousselle.ddns.net/doto/img/items/60_106.webp'),
(232, 'Dimensional Doorway', 'Neutral Items', 'Artifacts', 0, 'https://adamrousselle.ddns.net/doto/img/items/60_149.webp'),
(233, 'Gladiator Helm', 'Neutral Items', 'Artifacts', 0, 'https://adamrousselle.ddns.net/doto/img/items/60_190.webp'),
(234, 'Gloves of Travel', 'Neutral Items', 'Artifacts', 0, 'https://adamrousselle.ddns.net/doto/img/items/60_236.webp'),
(235, 'Greater Mango', 'Neutral Items', 'Artifacts', 0, 'https://adamrousselle.ddns.net/doto/img/items/60_254.webp'),
(236, 'Horizon', 'Neutral Items', 'Artifacts', 0, 'https://adamrousselle.ddns.net/doto/img/items/60_123.webp'),
(237, 'Icarus Wings', 'Neutral Items', 'Artifacts', 0, 'https://adamrousselle.ddns.net/doto/img/items/60_255.webp'),
(238, 'Light Robes', 'Neutral Items', 'Artifacts', 0, 'https://adamrousselle.ddns.net/doto/img/items/60_139.webp'),
(239, 'Mechanical Arm', 'Neutral Items', 'Artifacts', 0, 'https://adamrousselle.ddns.net/doto/img/items/60_238.webp'),
(240, 'Oakheart', 'Neutral Items', 'Artifacts', 0, 'https://adamrousselle.ddns.net/doto/img/items/60_271.webp'),
(241, 'Overflowing Elixir', 'Neutral Items', 'Artifacts', 0, 'https://adamrousselle.ddns.net/doto/img/items/60_064.webp'),
(242, 'Ring of Fortitude', 'Neutral Items', 'Artifacts', 0, 'https://adamrousselle.ddns.net/doto/img/items/60_195.webp'),
(243, 'Satchel', 'Neutral Items', 'Artifacts', 0, 'https://adamrousselle.ddns.net/doto/img/items/60_146.webp'),
(244, 'Shadow of Vengeance', 'Neutral Items', 'Artifacts', 0, 'https://adamrousselle.ddns.net/doto/img/items/60_212.webp'),
(245, 'Star Mace', 'Neutral Items', 'Artifacts', 0, 'https://adamrousselle.ddns.net/doto/img/items/60_013.webp'),
(246, 'Tree Processor', 'Neutral Items', 'Artifacts', 0, 'https://adamrousselle.ddns.net/doto/img/items/60_243.webp'),
(247, 'Venom Gland', 'Neutral Items', 'Artifacts', 0, 'https://adamrousselle.ddns.net/doto/img/items/60_262.webp'),
(248, 'Warhammer', 'Neutral Items', 'Artifacts', 0, 'https://adamrousselle.ddns.net/doto/img/items/60_292.webp'),
(249, 'Wizard Glass', 'Neutral Items', 'Artifacts', 0, 'https://adamrousselle.ddns.net/doto/img/items/60_024.webp'),
(250, 'Shiva\'s Guard', 'Upgraded Items', 'Armor', 4850, 'https://adamrousselle.ddns.net/doto/img/items/Shivas_Guard_icon.webp'),
(251, 'Heaven\'s Halberd', 'Upgraded Items', 'Artifacts', 3550, 'https://adamrousselle.ddns.net/doto/img/items/heavens_halberd.webp'),
(252, 'Aghanim\'s Scepter', 'Upgraded Items', 'Magical', 4200, 'https://adamrousselle.ddns.net/doto/img/items/agha_scepter.webp'),
(253, 'Aghanim\'s Shard', 'Basics Items', 'Consumables', 1400, 'https://adamrousselle.ddns.net/doto/img/items/agha_shard.webp');

-- --------------------------------------------------------

--
-- Structure de la table `membres`
--

CREATE TABLE `membres` (
  `id` int(11) NOT NULL,
  `nom` varchar(31) NOT NULL,
  `code` varchar(5) NOT NULL COMMENT 'code d''identification sur le site',
  `pos1` int(1) NOT NULL,
  `pos2` int(11) NOT NULL,
  `ip` varchar(15) DEFAULT NULL,
  `user_agent` varchar(127) DEFAULT NULL
) ENGINE=InnoDB DEFAULT CHARSET=utf8mb4 COLLATE=utf8mb4_general_ci;

--
-- Déchargement des données de la table `membres`
--

INSERT INTO `membres` (`id`, `nom`, `code`, `pos1`, `pos2`, `ip`, `user_agent`) VALUES
(1, 'Bakaarion', '703za', 2, 1, '192.168.1.254', 'Mozilla/5.0 (Windows NT 10.0; Win64; x64; rv:102.0) Gecko/20100101 Firefox/102.0'),
(2, 'Begin', '289tw', 1, 5, '93.23.105.150', 'Mozilla/5.0 (Linux; Android 11; moto g(9) plus) AppleWebKit/537.36 (KHTML, like Gecko) Chrome/108.0.0.0 Mobile Safari/537.36'),
(3, 'Skewil', '394nw', 2, 1, '86.202.159.212', 'Mozilla/5.0 (Windows NT 10.0; Win64; x64) AppleWebKit/537.36 (KHTML, like Gecko) Chrome/106.0.0.0 Safari/537.36'),
(4, 'Thales421', '152bx', 4, 3, '90.66.93.150', 'Mozilla/5.0 (Windows NT 10.0; Win64; x64) AppleWebKit/537.36 (KHTML, like Gecko) Chrome/95.0.4638.69 Safari/537.36'),
(5, 'Skrapi', '981se', 3, 2, '86.248.146.228', 'Mozilla/5.0 (Windows NT 10.0; Win64; x64; rv:102.0) Gecko/20100101 Firefox/102.0'),
(6, 'Badbaxx', '537ce', 5, 4, '86.218.22.167', 'Mozilla/5.0 (Windows NT 10.0; Win64; x64; rv:99.0) Gecko/20100101 Firefox/99.0'),
(7, 'Mynni', '937jf', 6, 6, '80.215.113.150', 'Mozilla/5.0 (Linux; Android 11; ONEPLUS A6013) AppleWebKit/537.36 (KHTML, like Gecko) Chrome/95.0.4638.74 Mobile Safari/537.36'),
(8, 'Kleber', '575bg', 1, 3, '88.173.119.200', 'Mozilla/5.0 (Windows NT 10.0; Win64; x64) AppleWebKit/537.36 (KHTML, like Gecko) Chrome/99.0.4844.82 Safari/537.36');

-- --------------------------------------------------------

--
-- Structure de la table `strats`
--

CREATE TABLE `strats` (
  `id` int(11) NOT NULL,
  `nom` varchar(63) NOT NULL,
  `description` text NOT NULL,
  `forces_timings` text NOT NULL,
  `faiblesses_solutions` text NOT NULL,
  `nb_games` int(11) NOT NULL DEFAULT 0,
  `nb_victoires` int(11) NOT NULL DEFAULT 0,
  `control` int(11) DEFAULT NULL,
  `massive` int(11) DEFAULT NULL,
  `late` int(11) DEFAULT NULL,
  `dt_creation` timestamp NOT NULL DEFAULT current_timestamp()
) ENGINE=InnoDB DEFAULT CHARSET=utf8mb4 COLLATE=utf8mb4_general_ci;

--
-- Déchargement des données de la table `strats`
--

INSERT INTO `strats` (`id`, `nom`, `description`, `forces_timings`, `faiblesses_solutions`, `nb_games`, `nb_victoires`, `control`, `massive`, `late`, `dt_creation`) VALUES
(1, 'You just can\'t kill the sun ! v1', 'Strat qui tourne autour d\'un Phoenix P2 dont le main focus est le team fight forcé dans une zone.<br />\n<br />\nIdéalement, Phoenix P2, Mars P3, Snap P5, Sven P1 et Spirit Breaker P4 ; le Mars est l\'initiateur avec arène puis lance, et le Phoenix pose l\'egg en cas de cible importante trouvée par le Mars/en cas de nombreux ennemis en face ;<br />\nLa Snapfire priorise le shredder sur mono target et utilise directement ulti en cas de teamfight et le Breaker charge et ulti la principale menace en face (que ce soit la cible ou pas, qu\'il faille patienter ou pas / contre-contre-engage) / la pick évite de l\'avoir en face en contre egg.<br />\nEt le Sven arrive pour taper très fort et apporter la seconde salve de cc / participer à couper la contre engage si besoin.<br />\nRemonter de lane et push de bâtiment pas tellement compromis.<br />\n<br />\nAutre options à envisager fonction des picks et bans :<br />\nAxe P3 : call = best spell à poser sur les personnes qui pourrait taper l\'egg / préfère que le p4 engage dans cette strat<br />\nSK P3 : très bon stunner et apport de dps / l\'ulti aide aussi pas mal à protéger l\'egg et la sandstorm lv25 est potentiellement incroyable<br />\nSilencer P5/P4/P1 : silencer est un bon contre à phoenix de manière globale, l\'avoir de notre côté évite en plus un ban. Donne un super potentiel avant les BKB adverse et du dégât pur en P1 contre elle.<br />\nWarlock P5/P4 : quoi de mieux qu\'un warlock pour interdire une zone de combat ?<br />\nFaceless Void P1 : peut faire l\'engage des fights à la place des P3/P4 qui peuvent donc plus se préoccuper des contre engage et apporte beaucoup de dégâts et des bashs sur BKB.<br />\nAlchemist P1/P3 : donne la possibilité d\'un agha rapide sur le Phoenix et en apportant une dose de cc / pouvant transitionner front laner pour la prise de bâtiments très facilement.<br />\nViper P1 : essentiellement en contre dans le draft / permet de slow l\'as d\'un core un peu trop motivé même sous BKB avec ulti et source de break pour pas cher.<br />\nOgre Magi P4/P5 : permet de booster le dps de la team, d\'apporter beaucoup de cc et de slow un peu l\'as des cores en face.<br />\nAA P4/P5 : vortex qui boost le dégats autour de l\'egg et slow les gens + ice feet qui dissuade les cores sans BKB de taper l\'egg et très bon pour gérer des gros tanks qui pourrait vouloir tenter leur chance malgré tout.<br />\nJakiro P4/P5 : slow d\'as / stun et dégat de zone, simple, basique :P<br />\n<br />\nPossibilitée de bait au draft avec un pick rapide phoenix qui laisserait pensé à un phoenix support, avec un ban ou pick silencer à prévoir idéalement.', 'Les timing force sont bien sur lors de cd d\'ulti toute les deux minutes avec en tête l\'egg (120s cd), mais ne pas négliger les arènes (90s) / ulti sven (110s) et ulti snapfire (120 à 100s).<br />\nIl faut pouvoir forcer des prise de bâtiment et/ou des fights sur ces timings.<br />\n<br />\nJe pense qu\'une bonne solution pour cela ça peut être de pusher une lane tranquillement, quelque chose comme 30s idéalement avant le retour de l\'egg, avec le mars proche en contre engage, puis faire combo dive + meteor hammer sur une tour quand l\'egg est très proche d\'être up.<br />\nEn l\'absence de réaction, on prend des dégâts sur une tour et on peut tenter une smoke ; et si réaction il y a on est prêt à combattre.<br />\n<br />\nLe timing principal est, fonction des picks adverse, avant les bkb ennemies', 'La principale faiblesse est bien sur les phases en dehors des cd, que ce soit en toute fin de fight ou pendant la phase de farm qui suivra (en supposant que la teamfight n\'a pas été gagné / est even, sinon c\'est push ofc !).<br />\n<br />\nIl faudra donc faire des items pour survivre à ces phases, que ce soit pour se positionner correctement et prendre le maximum de contrôle sur la carte de manière safe (blink/force staff/item d\'invis) voir de quoi prolonger ces timing fort (le plus évident étant étant refresher sur phoenix).<br />\n<br />\nLa lecture de notre jeu est également facile pour nos adversaires. On peut bait 100 fois 1 dive phoenix, mais on ne peut pas bait 100 fois 100 dives phoenix... :P<br />\nIl devineront donc facilement qu\'il doivent nous éviter quand nos cd sont up et nous chercher quand ce n\'est pas le cas ; un regard constant sur la mini map et des ward bien placée et au cd seront la clé !', 0, 0, NULL, NULL, NULL, '2021-09-30 16:56:19'),
(2, 'Fuyez pauvres fous (ou fly you fool)', 'L\'objectif est de gagner les teamfights dans un timing de spells où l\'adversaire est obligé de back. La strat requiert un <b>bon placement</b> pour justement éviter que l\'adversaire se repositionne.<br />\nPar ordre de préférence :<br />\n<ul><li>Carry : Sven/Medusa, Troll, éventuellement Terrorblade</li><li>Mid : complément au p1 : Troll/Medusa pour être moins CD dépendant, ou aide au control : Phoenix/Tidehunter</li><li>Offlane : porteur de tools pour aller chercher l\'adversaire ou les empêcher de fuir : Mars (agha important sur le timing bkb), Axe (over bkb), Dark Seer, Blood (agha important contre les linken ou pour récupérer plus de héros), Centaur, Shaker, Lycan bkb<br />\n</li><li>Supports : Apporter le control avec Blood (aether lens, puis agha), Lion, Shaman, Disruptor, Vengerful, Shaker, Spirit Breaker<br />\n</li></ul><br />\nA tester, peut être très fort : Le Blood en p4 me parait très sexy, avec un build aether lens pour ulti et silence à l\'autre bout de la terre, suivi d\'un agha (atos est très bien aussi). La vision qu\'il apporte sur les héros low life est aussi un tool pour les empêcher de juke tp ou contre les invis. Très peu compliqué à jouer, et apporte énormément à la strat.<br />\n<br />\n<b>Idéal : Sven/Troll/Mars (agha)/Blood/Disruptor (agha)</b>', 'C\'est une strat qui peut se jouer de derrière, elle ne nécessite donc pas de gagner toutes les lanes (d\'où le blood p4).<br />\nLe pick est plus fort en late, même si les combos peuvent être réalisés dès la sortie de lane. Il est donc nécéssaire de stacker avant la fin de la phase de lane : Le blood p4 peut se charger de stack le triangle (double stack avec coup banc + silence), si en plus il a un bonus de move speed, il peut stacker et revenir aider l\'offlane plus rapidement.<br />\n<br />\nAprès la phase de lane, le sven farm le triangle et le premier push peut être mis en place. Une fois la tour tombée, la jungle adverse peut être farmée (sous protection) avant de back pour continuer le farm.<br />\nBack n\'est pas une obligation, si l\'adversaire ne peut pas défendre, autant prendre la tour suivante.<br />\n<br />\nNe pas sous-estimer Roshan, étant probablement pus fort en teamfight, c\'est assez gratuit.<br />\n<br />\nOn n\'est pas forcément très CD dépendants selon le pick choisi, et il est possible de garder un ulti sur un des carry damage (ulti sven + ulti troll me semble overkill, il est rare qu\'en face ça reste fight quand l\'un des 2 est utilisé).', 'Cette strat semble très dépendante du positionnement, si en face ils ne peuvent pas back, c\'est probablement une fight gagnée, sinon c\'ets perdu. C\'est vraiment sur ce point qu\'il faut que les p3, 4, 5 doivent focus (positionnement et controls), des items de positionnement et de controls sont donc nécessaires (forces staff, blink, glimmer, atos).<br />\n<br />\nBesoin de farm, donc de stack, et la vision est importante. Warder en défense me parait plus judicieux qu\'en offensif.<br />\n<br />\nLes fight chaotiques sont potentiellement catastrophiques, il ne faut donc pas se faire engage, ne pas risquer de provoquer le fight offensives qu\'on n\'est pas sûr de prendre. Il faut aussi placer au moins une centry sur les lieux de fight pour éviter de se faire avoir. <b style=\"color: #932\">Le ban de spectre</b> me semble aussi indispensable, son ulti et son aghanim annulent complètement notre positionnement.<br />\nIl faut également se méfier des héros à blink, pour lequel le bloodseeker devrait être spécialement attentif.<br />\n<br />\nLa défense de highground est vraiment faible, un pick sniper au mid peut la rendre bien plus efficace, mais affaiblit le teamfight.<br />\n<br />\nLes carries ne doivent pas sous-estimer les bkb non-plus, il ne faut absolument pas être contrôlé, car le timing pour gagner les fight est serré.', 0, 0, NULL, NULL, NULL, '2021-10-07 19:54:51'),
(3, 'La strat du sustain v1', 'Strat qui focus sur le sustain et les fights à rallonge ou on s\'en sort idéalement avec des kills ou sans pertes de notre côté.<br />\n<br />\nIdéalement Dawnbreaker P3, Jugg P1, CM P5, Winter Wyvern P4, Necro P2 ; le P1 ou le P2 doivent être devant (plus jugg pour les prises de bâtiments à priori) ayant tout les deux des mécanique pour ses protéger (tourbilol pour jugg et shroud pour necro, à compléter de manta et bkb assez rapidement) et se heal et les autres derrières près à contre engage. La dawnbreaker doit beaucoup farmer dans cette strat pour sortir rapidement holy locket + agha, puis encore des item de tanking/aura pouvant jouer un peu en étant le +1 de la strat, farmant l\'autre côté de la map et revenant avec l\'utli.<br />\nLa CM apporte un boost de mana regen à toute sa team avec l\'aura et apporte le cc qui manque assez et la wyvern à une grosse responsabilité devant bien gérer les moment ou on coupe l\'aggression des adversaires avec le glaçon et ou on setup les fight/temporise leur aggro avec un ulti.<br />\n<br />\nAutres options à envisager, fonction des pickes et bans :<br />\nPhoenix P3/P4/P2 : le sunray et l\'egg rentre bien dans la dynamique du draft et peut être pick si la strat tournée autour du phoenix semble mal embarquée (héro a bkb rapide en face / tueur d\'egg /etc...).<br />\nWeaver P3/P1/P4 : héro très fort, pouvant apporter beaucoup d\'aisance pour le control map et avec un agha qui peut être 100% clutch.<br />\nWK P1 : le carry qui peut prendre toute la focus du monde et que donc personne ne veut focus. Apporte un dose de cc et de lifesteal qui peut être sympa dans la bonne compo.<br />\nMedusa P2/P1 : très gros farmer qui peut faire la tourelle autour de laquelle la team gravite.<br />\nWD P5/P4 : une bonne dose de stun, du heal et du dps, super flexible dans cette strat.<br />\nWarlock P5/P4 : gros heal et grosse engage/contre engage.<br />\nDazzle P4/P5 : Un des meilleur save du jeu avec du heal et de la reduc armure pour aider a valider des kills.<br />\nBristleback P3/P1/P2 : le gros tank qui coure sur tout le monde et prend leur haine tout en pouvant faire beaucoup de dégât.<br />\nTB P1 : gros dégât et possibilité de swap hp pour save un mate capital dans la fight.<br />\nLC P3 : apporte un bone dose de controle mono target et peut être une machine à buff la frontlane.<br />\nIO P5 : le pick le plus tricky (héro confort de personne) mais qui peut tellement être fort dans cette strat avec son heal et ses rellocates.<br />\nDoom P3 : front lane très correct qui peut apporter contrer assez fortement certain pick.<br />\nOracle P5/P4 : même idée que dazzle, en étant encore meilleur en save de mate.', 'La force de la strat c\'est de pouvoir être apte à fight contre à peu près n\'importe quoi (les timing bkb en face n\'apporte pratiquement rien) quand les ulti sont up, et à pouvoir bien occuper la map de manière relativement safe le reste du temps.', 'La principale faiblesse de la strat, c\'est qu\'il n\'y a pas de vrai point fort à exploiter / aucun moment ou la strat explose les cul en face; pas de :<br />\n<img src=\"https://adamrousselle.ddns.net/doto/img/40c73de019b5cbb0956430afb3d392de81fe7829_00.gif\"><br />\nLe jugg étant un peu en dehors de la meta si il n\'est pas accompagné de boost comme un empower magnus il a du mal à scale et tout les autres héro de la strat apporte pas tant d\'explosivité que ça.<br />\n<br />\nLa strat peut également avoir du mal contre les gros cc et les gros burst en face.<br />\n<br />\nTout doit se jouer au placement et au contrôle map / savoir dodge les fight qui ne sont pas worth et bien occuper la carte pour prendre plus de ressources que la team d\'en face.', 0, 0, NULL, NULL, NULL, '2021-10-13 09:29:51'),
(4, 'ZA WARUDO ! aka strat Chronosphere v1', 'Strat qui tourne autour de la chronosphere.<br />\n<img src=\"https://i.ytimg.com/vi/c43LShOapFU/hqdefault.jpg\"><br />\n<br />\nLe but de la strat est bien sur d\'abuser de la chronosphère, posé par le P1 ou le P3 avec beaucoup de dps apporté à l\'intérieur par les 4 autres joueurs.<br />\n<br />\nIdéalement Snapfire P5, AA P4, Underlord P3, Faceless Void P1, QOP P2.<br />\nLe Void met la chrono, tout le monde met son dps à l\'intérieur et se prépare en fin de chrono a éventuellement remettre un salve de cd de contrôle.<br />\nLa QOP peut aussi se servir de son ulti pour pousser les gens dans la chrono si il s\'imagine pouvoir mettre du dps à l\'intérieur.<br />\nAutres options à envisager en fonction des picks et bans :<br />\nVengeful P4/P5 : permet d\'éviter de la ban, le swap hors de la chrono étant un contre massif potentiel / très bon boost de dégat et de cc.<br />\nDisruptor P5/P4 : le glimpse peut être super pour setup les chrono et permet d\'être super aussi sur le pickoff. La shard n\'est pas à négliger pour booster encore plus le dps du void dans la chrono.<br />\nWD P5/P4 : très bon dps dans la chrono avec l\'ulti et malédiction très forte quand on veut infiniser une cible en particulier.<br />\nSilencer P5/P4 : évite aussi de la ban car peut facilement empêcher les utilisations de chronos. Très bon pour éviter les réaction des adversaires.<br />\nCristal Maiden P4/P5 : bon setup et dps de zone.<br />\nOgre Magi P4/P5 : boost de dps pour le void avec bloodlust et bon pour gagner/stabiliser une lane.<br />\nBloodseeker P3/P1/P2 : très bon pour finir les kills après chrono et zoner les personnes qui n\'était pas dedans.<br />\nGryocopter P3/P1 : boost de dégât très sympa sur la chrono.<br />\nLuna P1 : très bon farmer et clic droit/ulti très bon pour tuer dans la chrono.<br />\nDrow Ranger P1 : utilité similaire à Luna ici, en étant meilleur sur le kill mono target sur chrono.<br />\nMedusa P1/P2 : Chrono peut être utiliser pour setup un ulti dusa, et bon dégat de zone.<br />\nSniper P2/P1 : quoi de mieux pour un sniper que de free dps sur une chrono ?<br />\nViper P2/P1/P3 : source de break intéressante, peut front lane et bait les ennemis en étant assez ok en dps.<br />\nSkywarth Mich P2 : DPS simple à mettre sur chrono.<br />\nLina P2 : bon dps a mettre dans la chrono, et bénéficie bien du setup pour mettre son stun a la fin de la chrono. ', '<img src=\"https://thumbs.gfycat.com/AgreeableSpitefulEquine-size_restricted.gif\"><br />\nTout miser sur la chronosphère pour carotter la team adverse.', 'Attention aux miss des spells , si la ligne se passe mal laisser du temps aux core pour recover un minimum. <br />\nForte pression sur le joueur de Faceless Void.', 0, 0, NULL, NULL, NULL, '2021-10-13 10:51:50'),
(5, 'In 17% we thrust aka la strat de la vachette ! v1', 'Strat qui se fait tourner autour d\'un spirit breaker.<br />\n<img src=\"https://static1.millenium.org/articles/5/13/30/55/@/35183-dota2-spirit-breaker-vignette-article_m-1.jpeg\"><br />\n<br />\nLe but de la strat est de suivre la hype récente autour du héro et de construire une strat autour de lui et de sa capacité à créer un mouvement incroyable sur la map.<br />\nSpirit breaker idéalement jouer en P3 peut très bien farmer depuis le buff du bash sur les dégats au creep, qui proc sur la charge et permet de one shot des vague assez rapidement avec des cd super faible, et sa précense sur toute la carte génère énormement de split push ce qui force les gens a depush, ce que bara adore contrer si la cible est seul.<br />\nLes autres héros sont là pour profiter de la carte avec l\'espace généré et compenser le team fight 5v5 assez moyen du breaker.<br />\n<br />\nIdéalement Spirit Breaker P3, WD P4, IO P5, Luna P1, Lina P2.<br />\nLe SB avec le bulldoze et du stuff est relativement safe à aller chercher le farm deep, ce qui créer de l\'espace de farm safe, idéalement pour la lina protéger du wd assez proche du SB pour rejoindre la fight rapidement, tandis qu\'à l\'autre bout de la carte luna et io peut relocate.<br />\n<br />\nAutres options à envisager en fonction des picks et bans :<br />\nLifeStealer P1 : naix bomb très bonne avec bara.<br />\nTidehunter P2 / P3 : très bon quand il s\'agit de compenser un team fight compliqué avec le ravage.<br />\nStormspirit P2 : peut follow les charges du bara, ce que peut de héro peut faire et bénéficie beaucoup de l\'espace créer.<br />\nTA P2 : une TA ça aime beaucoup avoir de l\'espace pour farm et des cibles potentiellement isolé / très bon agha pour follow up les mooves rapidement.<br />\nCM P5 / P4 : une des problématique du bara c\'est sa conso de mana et vu qu\'il doit pouvoir tanker, même le détour vers echo sabre peut être potentiellement chiant à faire ; et très bon team fight aussi au passage :P<br />\nWarlock P5 / P4 : si il y a bien un héro qui peut aider à dissuader les 5v5 c\'est bien warlock avec son fatal bond et son ulti.<br />\nAA P4 / P5 : présence globale pour les moove du bara et l\'ice feet est pas compliqué à poser avec charge + ulti bara.<br />\nAlche P1 / P2 : peut farmer un agha au bara et va vraiment profiter de l\'espace sur la carte, sans être trop mauvais pour follow les mooves.<br />\nClinkz P1 : très bon farmer désormais avec assez de mobilité pour follow relativement facilement les mooves du bara.<br />\nEmber P2 / P1 : quoi de mieux qu\'un spirit pour suivre un breaker ? peut aussi bien split assez safe en même temps que le bara et pas mauvais en fight.<br />\nVoid Spirit P2 : quoi de mieux que de ne pas répéter ce qui a été dit au dessus ? Teamfight meilleur que ember mais split moins bon.<br />\nMedusa P1 / P2 : gros farmer qui peut assez facilement désamorcer une fight qu\'on veut pas prendre ou commit dessus.<br />\nSpectre P1 : meilleur agha pour suivres les moove du bara et très fort si il y a de l\'espace.<br />\nWW P4 : très bon pour team fight<br />\nPuck P4 : super pour follow les moove du bara.<br />\nSnap P5 : très bien pour accompagner un solo kill avec bara ou pour team fight, en pouvant cookie in ou out des fights pour les héros qui ont du mal à suivre.<br />\nPugna P5/P4 : très bien pour accompagner un moove bara, le decrep pour booster les dégats de bash ou couper l\'aggro si il y a plus d\'ennemis que prévu, healer le bara le temps qu\'il charge out ou commit sur un kill avec l\'ulti (et aussi donner de la mana pour qu\'il puisse re charge), et profiter du split pour taper du batiment.<br />\nDark Seer P3 : surge et ion shell sur bara ? oui bien sûr 😎<br />\nWarlock P5 / P4 : stabilise une lane, et bon 5v5.<br />\nStorm Spirit : comme les autres spirits déjà cité au dessus.', 'Premier vraiment temps fort sur le lv6 du bara qui avec un minimum de follow peut tuer assez facilement, sur sa lane ou ailleurs.<br />\nIl faut ensuite lancer au maximum un snowball et prendre les T1 quitte à group up même sans stuff assez rapidement, idéalement sur un gank de bara qui abouti à un kill, pour assurer le surnombre.<br />\n<br />\nEnsuite, on split / farm jusqu\'à avoir assez de stuff pour avoir une montée de highgroud crédible.<br />\n<img src=\"https://thumbs.gfycat.com/FarawayUnhealthyBat-size_restricted.gif\"><br />\nOu bien.. que l\'adversaire se laisse trop split et qu\'on gratte les T3 directement...<br />\n<br />\nL\'agha et la bkb breaker sont des timings super important qui détermine à quel point le bara peut commit sur ses split/charges, il est capital de protéger le bara et de lui laisser la priorité de farm sur ces timings en particulier.', 'Le breaker a un début de phase de lane pas folle, il est nul à chier lv1 et commence à pouvoir follow les moove sur son lv2 voir 3 et on lui demande de lancer le snowball de la game. Heureusement, à partir du lv4 et des premier item (rush phase boot si il y a rien à prendre la lane / qu\'on va vouloir gank rapidement, double bracer sinon pour bien trade facilement) et peut facilement tp fontaine et revenir rapidement sur la lane (pas de walk of shame, the run of glory !).<br />\n<br />\nSinon, le travail de split demande un placement au petit oignon, une vision globale de la part de toute l\'équipe, et une bonne vision des trade qui sont à faire (commit sur la charge du bara quoi qu\'il en coute, plutôt push et laisser le bara à son sort quand on voit qu\'il était attendu, etc..) ce qui est très peu évident à faire. Une bonne communication est la clé durant toutes les phases de jeu (notamment dans les phases \"mortes\", il faut commencer à réfléchir à nos 5 mouvements si untel apparait sur la lane ou non).<br />\n', 0, 0, NULL, NULL, NULL, '2021-11-13 21:12:45');

-- --------------------------------------------------------

--
-- Structure de la table `strats_ban`
--

CREATE TABLE `strats_ban` (
  `id` int(11) NOT NULL,
  `id_strats` int(11) NOT NULL,
  `hero` int(11) NOT NULL,
  `obligatoire` tinyint(1) NOT NULL,
  `commentaire` text DEFAULT NULL
) ENGINE=InnoDB DEFAULT CHARSET=utf8mb4 COLLATE=utf8mb4_general_ci;

--
-- Déchargement des données de la table `strats_ban`
--

INSERT INTO `strats_ban` (`id`, `id_strats`, `hero`, `obligatoire`, `commentaire`) VALUES
(31, 1, 87, 1, NULL),
(32, 1, 116, 1, NULL),
(33, 1, 66, 1, NULL),
(34, 1, 92, 1, NULL),
(35, 1, 37, 1, NULL),
(36, 1, 81, 1, NULL),
(37, 1, 61, 1, NULL),
(38, 1, 62, 1, NULL),
(39, 1, 91, 0, NULL),
(40, 1, 95, 0, NULL),
(41, 1, 5, 0, NULL),
(42, 1, 1, 0, NULL),
(43, 1, 44, 0, NULL),
(44, 1, 90, 0, NULL),
(45, 1, 88, 0, NULL),
(46, 1, 82, 0, NULL),
(285, 4, 110, 1, NULL),
(286, 4, 87, 1, NULL),
(287, 4, 71, 1, NULL),
(288, 4, 77, 1, NULL),
(289, 4, 15, 1, NULL),
(290, 4, 93, 1, NULL),
(291, 4, 100, 0, NULL),
(292, 4, 116, 0, NULL),
(293, 4, 38, 0, NULL),
(294, 4, 25, 0, NULL),
(295, 4, 75, 0, NULL),
(296, 3, 3, 1, NULL),
(297, 3, 87, 1, NULL),
(298, 3, 101, 1, NULL),
(299, 3, 67, 1, NULL),
(300, 3, 6, 1, NULL),
(301, 3, 22, 1, NULL),
(302, 3, 36, 1, NULL),
(303, 3, 108, 1, NULL),
(304, 3, 57, 0, NULL),
(305, 3, 26, 0, NULL),
(306, 3, 100, 0, NULL),
(307, 3, 25, 0, NULL),
(308, 3, 35, 0, NULL),
(309, 3, 49, 0, NULL),
(310, 3, 78, 0, NULL),
(311, 3, 102, 0, NULL),
(312, 3, 107, 0, NULL),
(313, 3, 63, 0, NULL),
(314, 3, 58, 0, NULL),
(315, 3, 104, 0, NULL),
(316, 2, 4, 1, NULL),
(317, 2, 15, 1, NULL),
(318, 2, 35, 1, NULL),
(319, 2, 36, 1, NULL),
(320, 2, 58, 1, NULL),
(321, 2, 76, 1, NULL),
(322, 2, 105, 1, NULL),
(323, 2, 107, 1, NULL),
(324, 2, 93, 1, NULL),
(325, 2, 71, 1, NULL),
(326, 2, 31, 0, NULL),
(327, 2, 33, 0, NULL),
(328, 2, 10, 0, NULL),
(329, 2, 57, 0, NULL),
(330, 2, 19, 0, NULL),
(331, 2, 44, 0, NULL),
(332, 2, 53, 0, NULL),
(333, 2, 72, 0, NULL),
(334, 2, 81, 0, NULL),
(335, 2, 77, 0, NULL),
(336, 2, 95, 0, NULL),
(337, 2, 102, 0, NULL),
(338, 2, 110, 0, NULL),
(339, 2, 114, 0, NULL),
(340, 2, 115, 0, NULL),
(341, 2, 118, 0, NULL),
(342, 2, 63, 0, NULL),
(343, 2, 56, 0, NULL),
(344, 2, 79, 0, NULL),
(345, 2, 84, 0, NULL),
(346, 2, 96, 0, NULL),
(347, 2, 120, 0, NULL),
(440, 5, 1, 1, NULL),
(441, 5, 66, 1, NULL),
(442, 5, 67, 1, NULL),
(443, 5, 11, 1, NULL),
(444, 5, 71, 1, NULL),
(445, 5, 10, 1, NULL),
(446, 5, 83, 1, NULL),
(447, 5, 87, 0, NULL),
(448, 5, 77, 0, NULL),
(449, 5, 36, 0, NULL),
(450, 5, 23, 0, NULL),
(451, 5, 47, 0, NULL),
(452, 5, 29, 0, NULL),
(453, 5, 7, 0, NULL),
(454, 5, 6, 0, NULL),
(455, 5, 8, 0, NULL),
(456, 5, 19, 0, NULL),
(457, 5, 22, 0, NULL),
(458, 5, 57, 0, NULL),
(459, 5, 82, 0, NULL),
(460, 5, 84, 0, NULL),
(461, 5, 108, 0, NULL),
(462, 5, 24, 0, NULL);

-- --------------------------------------------------------

--
-- Structure de la table `strats_comm`
--

CREATE TABLE `strats_comm` (
  `id` int(11) NOT NULL,
  `id_strats` int(11) NOT NULL COMMENT 'Clé étrangère de strats.id',
  `membre_id` varchar(31) NOT NULL,
  `commentaire` text NOT NULL,
  `dt_creation` timestamp NOT NULL DEFAULT current_timestamp()
) ENGINE=InnoDB DEFAULT CHARSET=utf8mb4 COLLATE=utf8mb4_general_ci;

--
-- Déchargement des données de la table `strats_comm`
--

INSERT INTO `strats_comm` (`id`, `id_strats`, `membre_id`, `commentaire`, `dt_creation`) VALUES
(1, 1, 'Bakaa', 'De la merde', '2021-09-23 00:54:34');

-- --------------------------------------------------------

--
-- Structure de la table `strats_items`
--

CREATE TABLE `strats_items` (
  `id` int(11) NOT NULL,
  `id_strats` int(11) NOT NULL,
  `id_item` int(11) NOT NULL,
  `obligatoire` tinyint(1) NOT NULL,
  `commentaire` text DEFAULT NULL
) ENGINE=InnoDB DEFAULT CHARSET=utf8mb4 COLLATE=utf8mb4_general_ci;

--
-- Déchargement des données de la table `strats_items`
--

INSERT INTO `strats_items` (`id`, `id_strats`, `id_item`, `obligatoire`, `commentaire`) VALUES
(31, 1, 140, 1, NULL),
(32, 1, 127, 1, NULL),
(33, 1, 250, 1, NULL),
(34, 1, 118, 1, NULL),
(35, 1, 96, 1, NULL),
(36, 1, 51, 1, NULL),
(37, 1, 98, 1, NULL),
(38, 1, 137, 0, NULL),
(39, 1, 125, 0, NULL),
(40, 1, 105, 0, NULL),
(41, 1, 107, 0, NULL),
(42, 1, 156, 0, NULL),
(43, 1, 117, 0, NULL),
(44, 1, 136, 0, NULL),
(45, 1, 251, 0, NULL),
(109, 4, 154, 1, NULL),
(110, 4, 118, 1, NULL),
(111, 4, 132, 0, NULL),
(112, 4, 124, 0, NULL),
(113, 4, 135, 0, NULL),
(114, 4, 81, 0, NULL),
(115, 4, 134, 0, NULL),
(116, 4, 117, 0, NULL),
(117, 4, 120, 0, NULL),
(118, 4, 141, 0, NULL),
(119, 4, 119, 0, NULL),
(120, 4, 122, 0, NULL),
(121, 3, 116, 1, NULL),
(122, 3, 92, 1, NULL),
(123, 3, 117, 1, NULL),
(124, 3, 91, 1, NULL),
(125, 3, 95, 1, NULL),
(126, 3, 110, 1, NULL),
(127, 3, 120, 1, NULL),
(128, 3, 252, 1, NULL),
(129, 3, 253, 1, NULL),
(130, 3, 113, 0, NULL),
(131, 3, 140, 0, NULL),
(132, 3, 127, 0, NULL),
(133, 3, 101, 0, NULL),
(134, 3, 131, 0, NULL),
(135, 3, 86, 0, NULL),
(136, 2, 51, 1, NULL),
(137, 2, 98, 1, NULL),
(138, 2, 97, 1, NULL),
(139, 2, 99, 1, NULL),
(140, 2, 103, 0, NULL),
(141, 2, 118, 0, NULL);

-- --------------------------------------------------------

--
-- Structure de la table `strats_pick`
--

CREATE TABLE `strats_pick` (
  `id` int(11) NOT NULL,
  `id_strats` int(11) NOT NULL,
  `hero` int(11) NOT NULL,
  `obligatoire` tinyint(1) NOT NULL,
  `commentaire` text DEFAULT NULL
) ENGINE=InnoDB DEFAULT CHARSET=utf8mb4 COLLATE=utf8mb4_general_ci;

--
-- Déchargement des données de la table `strats_pick`
--

INSERT INTO `strats_pick` (`id`, `id_strats`, `hero`, `obligatoire`, `commentaire`) VALUES
(31, 1, 75, 1, NULL),
(32, 1, 57, 1, NULL),
(33, 1, 91, 1, NULL),
(34, 1, 96, 1, NULL),
(35, 1, 94, 1, NULL),
(36, 1, 6, 0, NULL),
(37, 1, 83, 0, NULL),
(38, 1, 87, 0, NULL),
(39, 1, 115, 0, NULL),
(40, 1, 36, 0, NULL),
(41, 1, 2, 0, NULL),
(42, 1, 112, 0, NULL),
(43, 1, 68, 0, NULL),
(44, 1, 3, 0, NULL),
(45, 1, 43, 0, NULL),
(268, 4, 91, 1, NULL),
(269, 4, 3, 1, NULL),
(270, 4, 107, 1, NULL),
(271, 4, 36, 1, NULL),
(272, 4, 79, 1, NULL),
(273, 4, 110, 0, NULL),
(274, 4, 26, 0, NULL),
(275, 4, 119, 0, NULL),
(276, 4, 87, 0, NULL),
(277, 4, 20, 0, NULL),
(278, 4, 68, 0, NULL),
(279, 4, 10, 0, NULL),
(280, 4, 38, 0, NULL),
(281, 4, 54, 0, NULL),
(282, 4, 29, 0, NULL),
(283, 4, 58, 0, NULL),
(284, 4, 99, 0, NULL),
(285, 4, 92, 0, NULL),
(286, 4, 112, 0, NULL),
(287, 4, 88, 0, NULL),
(288, 4, 51, 0, NULL),
(289, 3, 23, 1, NULL),
(290, 3, 44, 1, NULL),
(291, 3, 20, 1, NULL),
(292, 3, 118, 1, NULL),
(293, 3, 65, 1, NULL),
(294, 3, 75, 0, NULL),
(295, 3, 116, 0, NULL),
(296, 3, 120, 0, NULL),
(297, 3, 58, 0, NULL),
(298, 3, 119, 0, NULL),
(299, 3, 115, 0, NULL),
(300, 3, 24, 0, NULL),
(301, 3, 13, 0, NULL),
(302, 3, 99, 0, NULL),
(303, 3, 47, 0, NULL),
(304, 3, 42, 0, NULL),
(305, 3, 27, 0, NULL),
(306, 3, 70, 0, NULL),
(307, 2, 96, 1, NULL),
(308, 2, 105, 1, NULL),
(309, 2, 58, 1, NULL),
(310, 2, 10, 1, NULL),
(311, 2, 21, 1, NULL),
(312, 2, 26, 1, NULL),
(313, 2, 15, 1, NULL),
(314, 2, 52, 1, NULL),
(315, 2, 86, 1, NULL),
(316, 2, 57, 1, NULL),
(317, 2, 31, 1, NULL),
(318, 2, 6, 1, NULL),
(319, 2, 110, 1, NULL),
(320, 2, 100, 1, NULL),
(321, 2, 75, 1, NULL),
(322, 2, 37, 0, NULL),
(323, 2, 56, 0, NULL),
(324, 2, 94, 0, NULL),
(325, 2, 115, 0, NULL),
(326, 2, 7, 0, NULL),
(327, 2, 9, 0, NULL),
(328, 2, 19, 0, NULL),
(329, 2, 66, 0, NULL),
(330, 2, 68, 0, NULL),
(331, 2, 83, 0, NULL),
(332, 2, 84, 0, NULL),
(333, 2, 107, 0, NULL),
(334, 2, 119, 0, NULL),
(335, 2, 99, 0, NULL),
(336, 2, 92, 0, NULL),
(337, 2, 55, 0, NULL),
(419, 5, 94, 1, NULL),
(420, 5, 119, 1, NULL),
(421, 5, 42, 1, NULL),
(422, 5, 54, 1, NULL),
(423, 5, 51, 1, NULL),
(424, 5, 50, 0, NULL),
(425, 5, 100, 0, NULL),
(426, 5, 98, 0, NULL),
(427, 5, 20, 0, NULL),
(428, 5, 3, 0, NULL),
(429, 5, 2, 0, NULL),
(430, 5, 18, 0, NULL),
(431, 5, 33, 0, NULL),
(432, 5, 114, 0, NULL),
(433, 5, 58, 0, NULL),
(434, 5, 93, 0, NULL),
(435, 5, 118, 0, NULL),
(436, 5, 76, 0, NULL),
(437, 5, 91, 0, NULL),
(438, 5, 78, 0, NULL),
(439, 5, 21, 0, NULL),
(440, 5, 115, 0, NULL),
(441, 5, 95, 0, NULL);

--
-- Index pour les tables déchargées
--

--
-- Index pour la table `hero_list`
--
ALTER TABLE `hero_list`
  ADD PRIMARY KEY (`id`);

--
-- Index pour la table `hero_pool`
--
ALTER TABLE `hero_pool`
  ADD PRIMARY KEY (`id_membres`,`hero`);

--
-- Index pour la table `item_list`
--
ALTER TABLE `item_list`
  ADD PRIMARY KEY (`id`);

--
-- Index pour la table `membres`
--
ALTER TABLE `membres`
  ADD PRIMARY KEY (`id`);

--
-- Index pour la table `strats`
--
ALTER TABLE `strats`
  ADD PRIMARY KEY (`id`);

--
-- Index pour la table `strats_ban`
--
ALTER TABLE `strats_ban`
  ADD PRIMARY KEY (`id`);

--
-- Index pour la table `strats_comm`
--
ALTER TABLE `strats_comm`
  ADD PRIMARY KEY (`id`);

--
-- Index pour la table `strats_items`
--
ALTER TABLE `strats_items`
  ADD PRIMARY KEY (`id`);

--
-- Index pour la table `strats_pick`
--
ALTER TABLE `strats_pick`
  ADD PRIMARY KEY (`id`);

--
-- AUTO_INCREMENT pour les tables déchargées
--

--
-- AUTO_INCREMENT pour la table `hero_list`
--
ALTER TABLE `hero_list`
  MODIFY `id` int(11) NOT NULL AUTO_INCREMENT, AUTO_INCREMENT=122;

--
-- AUTO_INCREMENT pour la table `item_list`
--
ALTER TABLE `item_list`
  MODIFY `id` int(11) NOT NULL AUTO_INCREMENT, AUTO_INCREMENT=254;

--
-- AUTO_INCREMENT pour la table `strats`
--
ALTER TABLE `strats`
  MODIFY `id` int(11) NOT NULL AUTO_INCREMENT, AUTO_INCREMENT=6;

--
-- AUTO_INCREMENT pour la table `strats_ban`
--
ALTER TABLE `strats_ban`
  MODIFY `id` int(11) NOT NULL AUTO_INCREMENT, AUTO_INCREMENT=463;

--
-- AUTO_INCREMENT pour la table `strats_comm`
--
ALTER TABLE `strats_comm`
  MODIFY `id` int(11) NOT NULL AUTO_INCREMENT, AUTO_INCREMENT=2;

--
-- AUTO_INCREMENT pour la table `strats_items`
--
ALTER TABLE `strats_items`
  MODIFY `id` int(11) NOT NULL AUTO_INCREMENT, AUTO_INCREMENT=142;

--
-- AUTO_INCREMENT pour la table `strats_pick`
--
ALTER TABLE `strats_pick`
  MODIFY `id` int(11) NOT NULL AUTO_INCREMENT, AUTO_INCREMENT=442;
COMMIT;

/*!40101 SET CHARACTER_SET_CLIENT=@OLD_CHARACTER_SET_CLIENT */;
/*!40101 SET CHARACTER_SET_RESULTS=@OLD_CHARACTER_SET_RESULTS */;
/*!40101 SET COLLATION_CONNECTION=@OLD_COLLATION_CONNECTION */;
